"serie","periodo","valor"
"PD31893DD","01.Ene.18","n.d."
"PD31893DD","02.Ene.18","n.d."
"PD31893DD","03.Ene.18","5.13"
"PD31893DD","04.Ene.18","4.98"
"PD31893DD","05.Ene.18","4.92"
"PD31893DD","08.Ene.18","4.97"
"PD31893DD","09.Ene.18","5.01"
"PD31893DD","10.Ene.18","5.04"
"PD31893DD","11.Ene.18","4.94"
"PD31893DD","12.Ene.18","4.81"
"PD31893DD","15.Ene.18","4.72"
"PD31893DD","16.Ene.18","4.7"
"PD31893DD","17.Ene.18","4.75"
"PD31893DD","18.Ene.18","4.72"
"PD31893DD","19.Ene.18","4.71"
"PD31893DD","22.Ene.18","4.74"
"PD31893DD","23.Ene.18","4.73"
"PD31893DD","24.Ene.18","4.72"
"PD31893DD","25.Ene.18","4.71"
"PD31893DD","26.Ene.18","4.72"
"PD31893DD","29.Ene.18","4.74"
"PD31893DD","30.Ene.18","4.72"
"PD31893DD","31.Ene.18","4.7"
"PD31893DD","01.Feb.18","4.67"
"PD31893DD","02.Feb.18","4.68"
"PD31893DD","05.Feb.18","4.7"
"PD31893DD","06.Feb.18","4.72"
"PD31893DD","07.Feb.18","4.71"
"PD31893DD","08.Feb.18","4.75"
"PD31893DD","09.Feb.18","4.82"
"PD31893DD","12.Feb.18","4.8"
"PD31893DD","13.Feb.18","4.8"
"PD31893DD","14.Feb.18","4.8"
"PD31893DD","15.Feb.18","4.81"
"PD31893DD","16.Feb.18","4.81"
"PD31893DD","19.Feb.18","4.87"
"PD31893DD","20.Feb.18","4.85"
"PD31893DD","21.Feb.18","4.84"
"PD31893DD","22.Feb.18","4.86"
"PD31893DD","23.Feb.18","4.86"
"PD31893DD","26.Feb.18","4.87"
"PD31893DD","27.Feb.18","4.84"
"PD31893DD","28.Feb.18","4.83"
"PD31893DD","01.Mar.18","4.81"
"PD31893DD","02.Mar.18","4.8"
"PD31893DD","05.Mar.18","4.79"
"PD31893DD","06.Mar.18","4.78"
"PD31893DD","07.Mar.18","4.8"
"PD31893DD","08.Mar.18","4.8"
"PD31893DD","09.Mar.18","4.8"
"PD31893DD","12.Mar.18","4.84"
"PD31893DD","13.Mar.18","4.89"
"PD31893DD","14.Mar.18","4.86"
"PD31893DD","15.Mar.18","4.92"
"PD31893DD","16.Mar.18","4.98"
"PD31893DD","19.Mar.18","4.96"
"PD31893DD","20.Mar.18","4.9"
"PD31893DD","21.Mar.18","4.89"
"PD31893DD","22.Mar.18","4.79"
"PD31893DD","23.Mar.18","4.81"
"PD31893DD","26.Mar.18","4.84"
"PD31893DD","27.Mar.18","4.83"
"PD31893DD","28.Mar.18","4.81"
"PD31893DD","29.Mar.18","n.d."
"PD31893DD","30.Mar.18","n.d."
"PD31893DD","02.Abr.18","4.83"
"PD31893DD","03.Abr.18","4.82"
"PD31893DD","04.Abr.18","4.83"
"PD31893DD","05.Abr.18","4.82"
"PD31893DD","06.Abr.18","4.884"
"PD31893DD","09.Abr.18","4.91"
"PD31893DD","10.Abr.18","4.93"
"PD31893DD","11.Abr.18","4.98"
"PD31893DD","12.Abr.18","4.98"
"PD31893DD","13.Abr.18","n.d."
"PD31893DD","16.Abr.18","5.01"
"PD31893DD","17.Abr.18","5.05"
"PD31893DD","18.Abr.18","5.15"
"PD31893DD","19.Abr.18","5.07"
"PD31893DD","20.Abr.18","5.07"
"PD31893DD","23.Abr.18","5.1"
"PD31893DD","24.Abr.18","5.17"
"PD31893DD","25.Abr.18","5.23"
"PD31893DD","26.Abr.18","5.23"
"PD31893DD","27.Abr.18","5.22"
"PD31893DD","30.Abr.18","5.2"
"PD31893DD","01.May.18","n.d."
"PD31893DD","02.May.18","5.21"
"PD31893DD","03.May.18","5.22"
"PD31893DD","04.May.18","5.25"
"PD31893DD","07.May.18","5.29"
"PD31893DD","08.May.18","5.35"
"PD31893DD","09.May.18","5.38"
"PD31893DD","10.May.18","5.31"
"PD31893DD","11.May.18","5.27"
"PD31893DD","14.May.18","5.24"
"PD31893DD","15.May.18","5.32"
"PD31893DD","16.May.18","5.36"
"PD31893DD","17.May.18","5.51"
"PD31893DD","18.May.18","5.63"
"PD31893DD","21.May.18","5.79"
"PD31893DD","22.May.18","5.72"
"PD31893DD","23.May.18","5.67"
"PD31893DD","24.May.18","5.63"
"PD31893DD","25.May.18","5.64"
"PD31893DD","28.May.18","5.63"
"PD31893DD","29.May.18","5.67"
"PD31893DD","30.May.18","5.65"
"PD31893DD","31.May.18","5.65"
"PD31893DD","01.Jun.18","5.69"
"PD31893DD","04.Jun.18","5.66"
"PD31893DD","05.Jun.18","5.64"
"PD31893DD","06.Jun.18","5.6"
"PD31893DD","07.Jun.18","5.63"
"PD31893DD","08.Jun.18","5.64"
"PD31893DD","11.Jun.18","5.62"
"PD31893DD","12.Jun.18","5.65"
"PD31893DD","13.Jun.18","5.65"
"PD31893DD","14.Jun.18","5.65"
"PD31893DD","15.Jun.18","5.72"
"PD31893DD","18.Jun.18","5.76"
"PD31893DD","19.Jun.18","5.74"
"PD31893DD","20.Jun.18","5.75"
"PD31893DD","21.Jun.18","5.71"
"PD31893DD","22.Jun.18","5.68"
"PD31893DD","25.Jun.18","5.68"
"PD31893DD","26.Jun.18","5.64"
"PD31893DD","27.Jun.18","5.58"
"PD31893DD","28.Jun.18","5.562"
"PD31893DD","29.Jun.18","n.d."
"PD31893DD","02.Jul.18","5.58"
"PD31893DD","03.Jul.18","5.54"
"PD31893DD","04.Jul.18","5.545"
"PD31893DD","05.Jul.18","5.54"
"PD31893DD","06.Jul.18","5.525"
"PD31893DD","09.Jul.18","5.47"
"PD31893DD","10.Jul.18","5.44"
"PD31893DD","11.Jul.18","5.47"
"PD31893DD","12.Jul.18","5.48"
"PD31893DD","13.Jul.18","5.46"
"PD31893DD","16.Jul.18","5.47"
"PD31893DD","17.Jul.18","5.47"
"PD31893DD","18.Jul.18","5.46"
"PD31893DD","19.Jul.18","5.5"
"PD31893DD","20.Jul.18","5.51"
"PD31893DD","23.Jul.18","5.51"
"PD31893DD","24.Jul.18","5.48"
"PD31893DD","25.Jul.18","5.44"
"PD31893DD","26.Jul.18","5.43"
"PD31893DD","27.Jul.18","n.d."
"PD31893DD","30.Jul.18","5.43"
"PD31893DD","31.Jul.18","5.43"
"PD31893DD","01.Ago.18","5.42"
"PD31893DD","02.Ago.18","5.39"
"PD31893DD","03.Ago.18","5.35"
"PD31893DD","06.Ago.18","5.34"
"PD31893DD","07.Ago.18","5.36"
"PD31893DD","08.Ago.18","5.37"
"PD31893DD","09.Ago.18","5.38"
"PD31893DD","10.Ago.18","5.4"
"PD31893DD","13.Ago.18","5.43"
"PD31893DD","14.Ago.18","5.43"
"PD31893DD","15.Ago.18","5.48"
"PD31893DD","16.Ago.18","5.49"
"PD31893DD","17.Ago.18","5.54"
"PD31893DD","20.Ago.18","5.5"
"PD31893DD","21.Ago.18","5.47"
"PD31893DD","22.Ago.18","5.43"
"PD31893DD","23.Ago.18","5.44"
"PD31893DD","24.Ago.18","5.42"
"PD31893DD","27.Ago.18","5.41"
"PD31893DD","28.Ago.18","5.43"
"PD31893DD","29.Ago.18","5.45"
"PD31893DD","30.Ago.18","n.d."
"PD31893DD","31.Ago.18","n.d."
"PD31893DD","03.Set.18","5.43"
"PD31893DD","04.Set.18","5.44"
"PD31893DD","05.Set.18","5.42"
"PD31893DD","06.Set.18","5.46"
"PD31893DD","07.Set.18","5.48"
"PD31893DD","10.Set.18","5.48"
"PD31893DD","11.Set.18","5.5"
"PD31893DD","12.Set.18","5.5"
"PD31893DD","13.Set.18","5.5"
"PD31893DD","14.Set.18","5.48"
"PD31893DD","17.Set.18","5.5"
"PD31893DD","18.Set.18","5.51"
"PD31893DD","19.Set.18","5.51"
"PD31893DD","20.Set.18","5.54"
"PD31893DD","21.Set.18","5.55"
"PD31893DD","24.Set.18","5.6"
"PD31893DD","25.Set.18","5.62"
"PD31893DD","26.Set.18","5.62"
"PD31893DD","27.Set.18","5.61"
"PD31893DD","28.Set.18","5.6"
"PD31893DD","01.Oct.18","5.58"
"PD31893DD","02.Oct.18","5.57"
"PD31893DD","03.Oct.18","5.62"
"PD31893DD","04.Oct.18","5.68"
"PD31893DD","05.Oct.18","5.68"
"PD31893DD","08.Oct.18","n.d."
"PD31893DD","09.Oct.18","5.67"
"PD31893DD","10.Oct.18","5.7"
"PD31893DD","11.Oct.18","5.73"
"PD31893DD","12.Oct.18","5.75"
"PD31893DD","15.Oct.18","5.76"
"PD31893DD","16.Oct.18","5.7"
"PD31893DD","17.Oct.18","5.7"
"PD31893DD","18.Oct.18","5.74"
"PD31893DD","19.Oct.18","5.72"
"PD31893DD","22.Oct.18","5.74"
"PD31893DD","23.Oct.18","5.77"
"PD31893DD","24.Oct.18","5.8"
"PD31893DD","25.Oct.18","5.79"
"PD31893DD","26.Oct.18","5.78"
"PD31893DD","29.Oct.18","5.83"
"PD31893DD","30.Oct.18","5.9"
"PD31893DD","31.Oct.18","5.89"
"PD31893DD","01.Nov.18","n.d."
"PD31893DD","02.Nov.18","n.d."
"PD31893DD","05.Nov.18","5.83"
"PD31893DD","06.Nov.18","5.81"
"PD31893DD","07.Nov.18","5.78"
"PD31893DD","08.Nov.18","5.78"
"PD31893DD","09.Nov.18","5.78"
"PD31893DD","12.Nov.18","5.8"
"PD31893DD","13.Nov.18","5.82"
"PD31893DD","14.Nov.18","5.8"
"PD31893DD","15.Nov.18","5.79"
"PD31893DD","16.Nov.18","5.76"
"PD31893DD","19.Nov.18","5.72"
"PD31893DD","20.Nov.18","5.72"
"PD31893DD","21.Nov.18","5.66"
"PD31893DD","22.Nov.18","5.64"
"PD31893DD","23.Nov.18","5.62"
"PD31893DD","26.Nov.18","5.64"
"PD31893DD","27.Nov.18","5.63"
"PD31893DD","28.Nov.18","5.6"
"PD31893DD","29.Nov.18","5.69"
"PD31893DD","30.Nov.18","5.67"
"PD31893DD","03.Dic.18","5.67"
"PD31893DD","04.Dic.18","5.75"
"PD31893DD","05.Dic.18","5.74"
"PD31893DD","06.Dic.18","5.75"
"PD31893DD","07.Dic.18","5.78"
"PD31893DD","10.Dic.18","5.84"
"PD31893DD","11.Dic.18","5.83"
"PD31893DD","12.Dic.18","5.823"
"PD31893DD","13.Dic.18","5.848"
"PD31893DD","14.Dic.18","5.838"
"PD31893DD","17.Dic.18","5.79"
"PD31893DD","18.Dic.18","5.76"
"PD31893DD","19.Dic.18","5.77"
"PD31893DD","20.Dic.18","5.71"
"PD31893DD","21.Dic.18","5.69"
"PD31893DD","24.Dic.18","n.d."
"PD31893DD","25.Dic.18","n.d."
"PD31893DD","26.Dic.18","5.66"
"PD31893DD","27.Dic.18","5.62"
"PD31893DD","28.Dic.18","5.65"
"PD31893DD","31.Dic.18","5.61"
"PD31893DD","01.Ene.19","n.d."
"PD31893DD","02.Ene.19","5.62"
"PD31893DD","03.Ene.19","5.62"
"PD31893DD","04.Ene.19","5.61"
"PD31893DD","07.Ene.19","5.61"
"PD31893DD","08.Ene.19","5.6"
"PD31893DD","09.Ene.19","5.56"
"PD31893DD","10.Ene.19","5.55"
"PD31893DD","11.Ene.19","5.55"
"PD31893DD","14.Ene.19","5.57"
"PD31893DD","15.Ene.19","5.57"
"PD31893DD","16.Ene.19","5.59"
"PD31893DD","17.Ene.19","5.6"
"PD31893DD","18.Ene.19","5.57"
"PD31893DD","21.Ene.19","5.58"
"PD31893DD","22.Ene.19","5.58"
"PD31893DD","23.Ene.19","5.61"
"PD31893DD","24.Ene.19","5.64"
"PD31893DD","25.Ene.19","5.6"
"PD31893DD","28.Ene.19","5.6"
"PD31893DD","29.Ene.19","5.6"
"PD31893DD","30.Ene.19","5.62"
"PD31893DD","31.Ene.19","5.48"
"PD31893DD","01.Feb.19","5.5"
"PD31893DD","04.Feb.19","5.49"
"PD31893DD","05.Feb.19","5.47"
"PD31893DD","06.Feb.19","5.47"
"PD31893DD","07.Feb.19","5.47"
"PD31893DD","08.Feb.19","5.47"
"PD31893DD","11.Feb.19","5.48"
"PD31893DD","12.Feb.19","5.51"
"PD31893DD","13.Feb.19","5.54"
"PD31893DD","14.Feb.19","5.54"
"PD31893DD","15.Feb.19","5.51"
"PD31893DD","18.Feb.19","5.5"
"PD31893DD","19.Feb.19","5.5"
"PD31893DD","20.Feb.19","5.5"
"PD31893DD","21.Feb.19","5.52"
"PD31893DD","22.Feb.19","5.48"
"PD31893DD","25.Feb.19","5.48"
"PD31893DD","26.Feb.19","5.5"
"PD31893DD","27.Feb.19","5.48"
"PD31893DD","28.Feb.19","5.48"
"PD31893DD","01.Mar.19","5.49"
"PD31893DD","04.Mar.19","5.47"
"PD31893DD","05.Mar.19","5.46"
"PD31893DD","06.Mar.19","5.46"
"PD31893DD","07.Mar.19","5.43"
"PD31893DD","08.Mar.19","5.41"
"PD31893DD","11.Mar.19","5.39"
"PD31893DD","12.Mar.19","5.3"
"PD31893DD","13.Mar.19","5.29"
"PD31893DD","14.Mar.19","5.26"
"PD31893DD","15.Mar.19","5.2"
"PD31893DD","18.Mar.19","5.24"
"PD31893DD","19.Mar.19","5.25"
"PD31893DD","20.Mar.19","5.26"
"PD31893DD","21.Mar.19","5.16"
"PD31893DD","22.Mar.19","5.19"
"PD31893DD","25.Mar.19","5.18"
"PD31893DD","26.Mar.19","5.19"
"PD31893DD","27.Mar.19","5.174"
"PD31893DD","28.Mar.19","5.24"
"PD31893DD","29.Mar.19","5.24"
"PD31893DD","01.Abr.19","5.21"
"PD31893DD","02.Abr.19","5.21"
"PD31893DD","03.Abr.19","5.2"
"PD31893DD","04.Abr.19","5.18"
"PD31893DD","05.Abr.19","5.18"
"PD31893DD","08.Abr.19","5.17"
"PD31893DD","09.Abr.19","5.176"
"PD31893DD","10.Abr.19","5.177"
"PD31893DD","11.Abr.19","5.203"
"PD31893DD","12.Abr.19","5.27"
"PD31893DD","15.Abr.19","5.26"
"PD31893DD","16.Abr.19","5.29"
"PD31893DD","17.Abr.19","5.27"
"PD31893DD","18.Abr.19","n.d."
"PD31893DD","19.Abr.19","n.d."
"PD31893DD","22.Abr.19","5.26"
"PD31893DD","23.Abr.19","5.22"
"PD31893DD","24.Abr.19","5.26"
"PD31893DD","25.Abr.19","5.26"
"PD31893DD","26.Abr.19","5.21"
"PD31893DD","29.Abr.19","5.17"
"PD31893DD","30.Abr.19","5.14"
"PD31893DD","01.May.19","n.d."
"PD31893DD","02.May.19","5.18"
"PD31893DD","03.May.19","5.16"
"PD31893DD","06.May.19","5.18"
"PD31893DD","07.May.19","5.21"
"PD31893DD","08.May.19","5.21"
"PD31893DD","09.May.19","5.24"
"PD31893DD","10.May.19","5.2"
"PD31893DD","13.May.19","5.23"
"PD31893DD","14.May.19","5.19"
"PD31893DD","15.May.19","5.16"
"PD31893DD","16.May.19","5.16"
"PD31893DD","17.May.19","5.15"
"PD31893DD","20.May.19","5.13"
"PD31893DD","21.May.19","5.1147"
"PD31893DD","22.May.19","5.126"
"PD31893DD","23.May.19","5.1109"
"PD31893DD","24.May.19","5.0727"
"PD31893DD","27.May.19","5.0738"
"PD31893DD","28.May.19","5.0177"
"PD31893DD","29.May.19","5.0094"
"PD31893DD","30.May.19","5.0436"
"PD31893DD","31.May.19","5.053"
"PD31893DD","03.Jun.19","5.0715"
"PD31893DD","04.Jun.19","5.0259"
"PD31893DD","05.Jun.19","5.0599"
"PD31893DD","06.Jun.19","5.0064"
"PD31893DD","07.Jun.19","4.9539"
"PD31893DD","10.Jun.19","5.0136"
"PD31893DD","11.Jun.19","4.944"
"PD31893DD","12.Jun.19","4.8562"
"PD31893DD","13.Jun.19","4.8243"
"PD31893DD","14.Jun.19","4.7111"
"PD31893DD","17.Jun.19","4.7591"
"PD31893DD","18.Jun.19","4.717"
"PD31893DD","19.Jun.19","4.7315"
"PD31893DD","20.Jun.19","4.5651"
"PD31893DD","21.Jun.19","4.6098"
"PD31893DD","24.Jun.19","4.6191"
"PD31893DD","25.Jun.19","4.6305"
"PD31893DD","26.Jun.19","4.7199"
"PD31893DD","27.Jun.19","4.768"
"PD31893DD","28.Jun.19","4.757"
"PD31893DD","01.Jul.19","4.6586"
"PD31893DD","02.Jul.19","4.6212"
"PD31893DD","03.Jul.19","4.548"
"PD31893DD","04.Jul.19","4.5375"
"PD31893DD","05.Jul.19","4.5464"
"PD31893DD","08.Jul.19","4.5267"
"PD31893DD","09.Jul.19","4.5409"
"PD31893DD","10.Jul.19","4.5391"
"PD31893DD","11.Jul.19","4.5631"
"PD31893DD","12.Jul.19","4.5381"
"PD31893DD","15.Jul.19","4.459"
"PD31893DD","16.Jul.19","4.4361"
"PD31893DD","17.Jul.19","4.3717"
"PD31893DD","18.Jul.19","4.2933"
"PD31893DD","19.Jul.19","4.2351"
"PD31893DD","22.Jul.19","4.2479"
"PD31893DD","23.Jul.19","4.2804"
"PD31893DD","24.Jul.19","4.3298"
"PD31893DD","25.Jul.19","4.28"
"PD31893DD","26.Jul.19","4.2772"
"PD31893DD","29.Jul.19","n.d."
"PD31893DD","30.Jul.19","n.d."
"PD31893DD","31.Jul.19","4.412"
"PD31893DD","01.Ago.19","4.4122"
"PD31893DD","02.Ago.19","4.4359"
"PD31893DD","05.Ago.19","4.4829"
"PD31893DD","06.Ago.19","4.3771"
"PD31893DD","07.Ago.19","4.3376"
"PD31893DD","08.Ago.19","4.319"
"PD31893DD","09.Ago.19","4.2042"
"PD31893DD","12.Ago.19","4.1177"
"PD31893DD","13.Ago.19","4.1136"
"PD31893DD","14.Ago.19","4.1078"
"PD31893DD","15.Ago.19","4.1433"
"PD31893DD","16.Ago.19","4.0993"
"PD31893DD","19.Ago.19","4.175"
"PD31893DD","20.Ago.19","4.172"
"PD31893DD","21.Ago.19","4.173"
"PD31893DD","22.Ago.19","4.173"
"PD31893DD","23.Ago.19","4.163"
"PD31893DD","26.Ago.19","4.199"
"PD31893DD","27.Ago.19","4.196"
"PD31893DD","28.Ago.19","4.1781"
"PD31893DD","29.Ago.19","n.d."
"PD31893DD","30.Ago.19","n.d."
"PD31893DD","02.Set.19","4.1983"
"PD31893DD","03.Set.19","4.1641"
"PD31893DD","04.Set.19","4.0927"
"PD31893DD","05.Set.19","4.0808"
"PD31893DD","06.Set.19","4.0455"
"PD31893DD","09.Set.19","4.064"
"PD31893DD","10.Set.19","4.0758"
"PD31893DD","11.Set.19","4.0462"
"PD31893DD","12.Set.19","4.0534"
"PD31893DD","13.Set.19","4.0914"
"PD31893DD","16.Set.19","4.1539"
"PD31893DD","17.Set.19","4.1607"
"PD31893DD","18.Set.19","4.1786"
"PD31893DD","19.Set.19","4.215"
"PD31893DD","20.Set.19","4.2102"
"PD31893DD","23.Set.19","4.1889"
"PD31893DD","24.Set.19","4.1725"
"PD31893DD","25.Set.19","4.2104"
"PD31893DD","26.Set.19","4.25"
"PD31893DD","27.Set.19","4.2955"
"PD31893DD","30.Set.19","4.2467"
"PD31893DD","01.Oct.19","4.1848"
"PD31893DD","02.Oct.19","4.2168"
"PD31893DD","03.Oct.19","4.1607"
"PD31893DD","04.Oct.19","4.1236"
"PD31893DD","07.Oct.19","4.0653"
"PD31893DD","08.Oct.19","n.d."
"PD31893DD","09.Oct.19","4.022"
"PD31893DD","10.Oct.19","3.9285"
"PD31893DD","11.Oct.19","4.0036"
"PD31893DD","14.Oct.19","3.98"
"PD31893DD","15.Oct.19","4.0367"
"PD31893DD","16.Oct.19","3.9359"
"PD31893DD","17.Oct.19","3.9246"
"PD31893DD","18.Oct.19","3.9505"
"PD31893DD","21.Oct.19","4.0133"
"PD31893DD","22.Oct.19","4.0579"
"PD31893DD","23.Oct.19","4.0929"
"PD31893DD","24.Oct.19","4.0996"
"PD31893DD","25.Oct.19","4.1385"
"PD31893DD","28.Oct.19","4.1865"
"PD31893DD","29.Oct.19","4.1932"
"PD31893DD","30.Oct.19","4.2505"
"PD31893DD","31.Oct.19","n.d."
"PD31893DD","01.Nov.19","n.d."
"PD31893DD","04.Nov.19","4.1575"
"PD31893DD","05.Nov.19","4.1942"
"PD31893DD","06.Nov.19","4.2193"
"PD31893DD","07.Nov.19","4.2653"
"PD31893DD","08.Nov.19","4.1937"
"PD31893DD","11.Nov.19","4.2135"
"PD31893DD","12.Nov.19","4.2601"
"PD31893DD","13.Nov.19","4.3977"
"PD31893DD","14.Nov.19","4.3578"
"PD31893DD","15.Nov.19","4.2562"
"PD31893DD","18.Nov.19","4.2696"
"PD31893DD","19.Nov.19","4.2219"
"PD31893DD","20.Nov.19","4.2307"
"PD31893DD","21.Nov.19","4.2183"
"PD31893DD","22.Nov.19","4.233"
"PD31893DD","25.Nov.19","4.2008"
"PD31893DD","26.Nov.19","4.1846"
"PD31893DD","27.Nov.19","4.239"
"PD31893DD","28.Nov.19","4.2142"
"PD31893DD","29.Nov.19","4.2664"
"PD31893DD","02.Dic.19","4.2678"
"PD31893DD","03.Dic.19","4.2349"
"PD31893DD","04.Dic.19","4.2119"
"PD31893DD","05.Dic.19","4.2549"
"PD31893DD","06.Dic.19","4.2664"
"PD31893DD","09.Dic.19","4.2305"
"PD31893DD","10.Dic.19","4.1934"
"PD31893DD","11.Dic.19","4.1911"
"PD31893DD","12.Dic.19","4.2121"
"PD31893DD","13.Dic.19","4.1787"
"PD31893DD","16.Dic.19","4.149"
"PD31893DD","17.Dic.19","4.177"
"PD31893DD","18.Dic.19","4.1959"
"PD31893DD","19.Dic.19","4.6092"
"PD31893DD","20.Dic.19","4.5875"
"PD31893DD","23.Dic.19","4.5838"
"PD31893DD","24.Dic.19","4.557"
"PD31893DD","25.Dic.19","n.d."
"PD31893DD","26.Dic.19","4.553"
"PD31893DD","27.Dic.19","4.5644"
"PD31893DD","30.Dic.19","4.6208"
"PD31893DD","31.Dic.19","4.6354"
"PD31893DD","01.Ene.20","n.d."
"PD31893DD","02.Ene.20","4.5598"
"PD31893DD","03.Ene.20","4.5722"
"PD31893DD","06.Ene.20","4.5512"
"PD31893DD","07.Ene.20","4.5319"
"PD31893DD","08.Ene.20","4.5657"
"PD31893DD","09.Ene.20","4.5686"
"PD31893DD","10.Ene.20","4.5471"
"PD31893DD","13.Ene.20","4.5552"
"PD31893DD","14.Ene.20","4.5688"
"PD31893DD","15.Ene.20","4.5623"
"PD31893DD","16.Ene.20","4.5617"
"PD31893DD","17.Ene.20","4.5307"
"PD31893DD","20.Ene.20","4.5141"
"PD31893DD","21.Ene.20","4.4729"
"PD31893DD","22.Ene.20","4.4761"
"PD31893DD","23.Ene.20","4.4761"
"PD31893DD","24.Ene.20","4.4677"
"PD31893DD","27.Ene.20","4.4756"
"PD31893DD","28.Ene.20","4.3942"
"PD31893DD","29.Ene.20","4.3668"
"PD31893DD","30.Ene.20","4.372"
"PD31893DD","31.Ene.20","4.3601"
"PD31893DD","03.Feb.20","4.3029"
"PD31893DD","04.Feb.20","4.3029"
"PD31893DD","05.Feb.20","4.2764"
"PD31893DD","06.Feb.20","4.3124"
"PD31893DD","07.Feb.20","4.3027"
"PD31893DD","10.Feb.20","4.2845"
"PD31893DD","11.Feb.20","4.2873"
"PD31893DD","12.Feb.20","4.2873"
"PD31893DD","13.Feb.20","4.2893"
"PD31893DD","14.Feb.20","4.2721"
"PD31893DD","17.Feb.20","4.2242"
"PD31893DD","18.Feb.20","4.1816"
"PD31893DD","19.Feb.20","4.1899"
"PD31893DD","20.Feb.20","4.2072"
"PD31893DD","21.Feb.20","4.2072"
"PD31893DD","24.Feb.20","4.1439"
"PD31893DD","25.Feb.20","4.1468"
"PD31893DD","26.Feb.20","4.1927"
"PD31893DD","27.Feb.20","4.2349"
"PD31893DD","28.Feb.20","4.5157"
"PD31893DD","02.Mar.20","4.2837"
"PD31893DD","03.Mar.20","4.1779"
"PD31893DD","04.Mar.20","4.0525"
"PD31893DD","05.Mar.20","4.0494"
"PD31893DD","06.Mar.20","4.0952"
"PD31893DD","09.Mar.20","4.2179"
"PD31893DD","10.Mar.20","4.3264"
"PD31893DD","11.Mar.20","4.5106"
"PD31893DD","12.Mar.20","5.214"
"PD31893DD","13.Mar.20","5.2181"
"PD31893DD","16.Mar.20","6"
"PD31893DD","17.Mar.20","5.872"
"PD31893DD","18.Mar.20","6.5"
"PD31893DD","19.Mar.20","6.1"
"PD31893DD","20.Mar.20","5.9"
"PD31893DD","23.Mar.20","6.1"
"PD31893DD","24.Mar.20","6"
"PD31893DD","25.Mar.20","5.1"
"PD31893DD","26.Mar.20","4.8"
"PD31893DD","27.Mar.20","4.95"
"PD31893DD","30.Mar.20","5.202"
"PD31893DD","31.Mar.20","5.25"
"PD31893DD","01.Abr.20","5.7"
"PD31893DD","02.Abr.20","5.81"
"PD31893DD","03.Abr.20","5.9"
"PD31893DD","06.Abr.20","5.95"
"PD31893DD","07.Abr.20","5.55"
"PD31893DD","08.Abr.20","5.43"
"PD31893DD","09.Abr.20","n.d."
"PD31893DD","10.Abr.20","n.d."
"PD31893DD","13.Abr.20","4.9"
"PD31893DD","14.Abr.20","4.52"
"PD31893DD","15.Abr.20","4.75"
"PD31893DD","16.Abr.20","4.7"
"PD31893DD","17.Abr.20","4.65"
"PD31893DD","20.Abr.20","4.64"
"PD31893DD","21.Abr.20","4.75"
"PD31893DD","22.Abr.20","4.72"
"PD31893DD","23.Abr.20","4.7"
"PD31893DD","24.Abr.20","4.72"
"PD31893DD","27.Abr.20","4.76"
"PD31893DD","28.Abr.20","4.82"
"PD31893DD","29.Abr.20","4.74"
"PD31893DD","30.Abr.20","4.8"
"PD31893DD","01.May.20","n.d."
"PD31893DD","04.May.20","4.9"
"PD31893DD","05.May.20","4.73"
"PD31893DD","06.May.20","4.77"
"PD31893DD","07.May.20","4.7"
"PD31893DD","08.May.20","4.44"
"PD31893DD","11.May.20","4.39"
"PD31893DD","12.May.20","4.38"
"PD31893DD","13.May.20","4.4"
"PD31893DD","14.May.20","4.41"
"PD31893DD","15.May.20","4.4"
"PD31893DD","18.May.20","4.38"
"PD31893DD","19.May.20","4.4"
"PD31893DD","20.May.20","4.36"
"PD31893DD","21.May.20","4.27"
"PD31893DD","22.May.20","4.3"
"PD31893DD","25.May.20","4.24"
"PD31893DD","26.May.20","4.24"
"PD31893DD","27.May.20","4.3"
"PD31893DD","28.May.20","4.27"
"PD31893DD","29.May.20","4.31"
"PD31893DD","01.Jun.20","4.36"
"PD31893DD","02.Jun.20","4.35"
"PD31893DD","03.Jun.20","4.33"
"PD31893DD","04.Jun.20","4.41"
"PD31893DD","05.Jun.20","4.4"
"PD31893DD","08.Jun.20","4.4"
"PD31893DD","09.Jun.20","4.43"
"PD31893DD","10.Jun.20","4.37"
"PD31893DD","11.Jun.20","4.4"
"PD31893DD","12.Jun.20","4.42"
"PD31893DD","15.Jun.20","4.41"
"PD31893DD","16.Jun.20","4.39"
"PD31893DD","17.Jun.20","4.42"
"PD31893DD","18.Jun.20","4.38"
"PD31893DD","19.Jun.20","4.36"
"PD31893DD","22.Jun.20","4.37"
"PD31893DD","23.Jun.20","4.38"
"PD31893DD","24.Jun.20","4.38"
"PD31893DD","25.Jun.20","4.38"
"PD31893DD","26.Jun.20","4.41"
"PD31893DD","29.Jun.20","n.d."
"PD31893DD","30.Jun.20","4.44"
"PD31893DD","01.Jul.20","4.44"
"PD31893DD","02.Jul.20","4.47"
"PD31893DD","03.Jul.20","4.49"
"PD31893DD","06.Jul.20","4.5"
"PD31893DD","07.Jul.20","4.45"
"PD31893DD","08.Jul.20","4.38"
"PD31893DD","09.Jul.20","4.34"
"PD31893DD","10.Jul.20","4.36"
"PD31893DD","13.Jul.20","4.34"
"PD31893DD","14.Jul.20","4.37"
"PD31893DD","15.Jul.20","4.3"
"PD31893DD","16.Jul.20","4.24"
"PD31893DD","17.Jul.20","4.14"
"PD31893DD","20.Jul.20","4.14"
"PD31893DD","21.Jul.20","4.16"
"PD31893DD","22.Jul.20","4.16"
"PD31893DD","23.Jul.20","4.11"
"PD31893DD","24.Jul.20","4.04"
"PD31893DD","27.Jul.20","4.01"
"PD31893DD","28.Jul.20","n.d."
"PD31893DD","29.Jul.20","3.97"
"PD31893DD","30.Jul.20","3.95"
"PD31893DD","31.Jul.20","3.93"
"PD31893DD","03.Ago.20","3.92"
"PD31893DD","04.Ago.20","3.92"
"PD31893DD","05.Ago.20","3.92"
"PD31893DD","06.Ago.20","4.05"
"PD31893DD","07.Ago.20","4.16"
"PD31893DD","10.Ago.20","4.18"
"PD31893DD","11.Ago.20","4.1"
"PD31893DD","12.Ago.20","4.08"
"PD31893DD","13.Ago.20","4.08"
"PD31893DD","14.Ago.20","4.08"
"PD31893DD","17.Ago.20","4.08"
"PD31893DD","18.Ago.20","4.08"
"PD31893DD","19.Ago.20","4.08"
"PD31893DD","20.Ago.20","4.09"
"PD31893DD","21.Ago.20","4.12"
"PD31893DD","24.Ago.20","4.11"
"PD31893DD","25.Ago.20","4.14"
"PD31893DD","26.Ago.20","4.11"
"PD31893DD","27.Ago.20","4.09"
"PD31893DD","28.Ago.20","4.03"
"PD31893DD","31.Ago.20","3.99"
"PD31893DD","01.Set.20","4.02"
"PD31893DD","02.Set.20","4.07"
"PD31893DD","03.Set.20","4.12"
"PD31893DD","04.Set.20","4.17"
"PD31893DD","07.Set.20","4.2"
"PD31893DD","08.Set.20","4.13"
"PD31893DD","09.Set.20","4.05"
"PD31893DD","10.Set.20","4.12"
"PD31893DD","11.Set.20","4.2"
"PD31893DD","14.Set.20","4.17"
"PD31893DD","15.Set.20","4.16"
"PD31893DD","16.Set.20","4.19"
"PD31893DD","17.Set.20","4.16"
"PD31893DD","18.Set.20","4.16"
"PD31893DD","21.Set.20","4.2"
"PD31893DD","22.Set.20","4.28"
"PD31893DD","23.Set.20","4.34"
"PD31893DD","24.Set.20","4.3"
"PD31893DD","25.Set.20","4.23"
"PD31893DD","28.Set.20","4.27"
"PD31893DD","29.Set.20","4.24"
"PD31893DD","30.Set.20","4.33"
"PD31893DD","01.Oct.20","4.3"
"PD31893DD","02.Oct.20","4.32"
"PD31893DD","05.Oct.20","4.27"
"PD31893DD","06.Oct.20","4.25"
"PD31893DD","07.Oct.20","4.22"
"PD31893DD","08.Oct.20","4.1"
"PD31893DD","09.Oct.20","4.04"
"PD31893DD","12.Oct.20","4.08"
"PD31893DD","13.Oct.20","4.15"
"PD31893DD","14.Oct.20","4.12"
"PD31893DD","15.Oct.20","4.15"
"PD31893DD","16.Oct.20","4.17"
"PD31893DD","19.Oct.20","4.19"
"PD31893DD","20.Oct.20","4.27"
"PD31893DD","21.Oct.20","4.34"
"PD31893DD","22.Oct.20","4.3"
"PD31893DD","23.Oct.20","4.21"
"PD31893DD","26.Oct.20","4.21"
"PD31893DD","27.Oct.20","4.17"
"PD31893DD","28.Oct.20","4.24"
"PD31893DD","29.Oct.20","4.2"
"PD31893DD","30.Oct.20","4.22"
"PD31893DD","02.Nov.20","4.17"
"PD31893DD","03.Nov.20","4.05"
"PD31893DD","04.Nov.20","4"
"PD31893DD","05.Nov.20","3.85"
"PD31893DD","06.Nov.20","3.94"
"PD31893DD","09.Nov.20","3.94"
"PD31893DD","10.Nov.20","4"
"PD31893DD","11.Nov.20","4.08"
"PD31893DD","12.Nov.20","4.09"
"PD31893DD","13.Nov.20","4.16"
"PD31893DD","16.Nov.20","4.24"
"PD31893DD","17.Nov.20","4.07"
"PD31893DD","18.Nov.20","4.0537"
"PD31893DD","19.Nov.20","4.0657"
"PD31893DD","20.Nov.20","4.02"
"PD31893DD","23.Nov.20","4"
"PD31893DD","24.Nov.20","3.9501"
"PD31893DD","25.Nov.20","3.9356"
"PD31893DD","26.Nov.20","3.8817"
"PD31893DD","27.Nov.20","3.9"
"PD31893DD","30.Nov.20","3.9078"
"PD31893DD","01.Dic.20","3.9227"
"PD31893DD","02.Dic.20","3.9028"
"PD31893DD","03.Dic.20","3.87"
"PD31893DD","04.Dic.20","3.81"
"PD31893DD","07.Dic.20","3.763"
"PD31893DD","08.Dic.20","n.d."
"PD31893DD","09.Dic.20","3.72"
"PD31893DD","10.Dic.20","3.69"
"PD31893DD","11.Dic.20","3.67"
"PD31893DD","14.Dic.20","3.66"
"PD31893DD","15.Dic.20","3.57"
"PD31893DD","16.Dic.20","3.56"
"PD31893DD","17.Dic.20","3.52"
"PD31893DD","18.Dic.20","3.5"
"PD31893DD","21.Dic.20","3.51"
"PD31893DD","22.Dic.20","3.55"
"PD31893DD","23.Dic.20","3.51"
"PD31893DD","24.Dic.20","3.512"
"PD31893DD","25.Dic.20","n.d."
"PD31893DD","28.Dic.20","3.514"
"PD31893DD","29.Dic.20","3.511"
"PD31893DD","30.Dic.20","3.52"
"PD31893DD","31.Dic.20","3.5"
"PD31893DD","01.Ene.21","n.d."
"PD31893DD","04.Ene.21","3.49"
"PD31893DD","05.Ene.21","3.51"
"PD31893DD","06.Ene.21","3.61"
"PD31893DD","07.Ene.21","3.64"
"PD31893DD","08.Ene.21","3.65"
"PD31893DD","11.Ene.21","3.7"
"PD31893DD","12.Ene.21","3.62"
"PD31893DD","13.Ene.21","3.58"
"PD31893DD","14.Ene.21","3.59"
"PD31893DD","15.Ene.21","3.62"
"PD31893DD","18.Ene.21","3.64"
"PD31893DD","19.Ene.21","3.66"
"PD31893DD","20.Ene.21","3.67"
"PD31893DD","21.Ene.21","3.68"
"PD31893DD","22.Ene.21","3.72"
"PD31893DD","25.Ene.21","3.73"
"PD31893DD","26.Ene.21","3.78"
"PD31893DD","27.Ene.21","3.88"
"PD31893DD","28.Ene.21","3.73"
"PD31893DD","29.Ene.21","3.66"
"PD31893DD","01.Feb.21","3.71"
"PD31893DD","02.Feb.21","3.74"
"PD31893DD","03.Feb.21","3.77"
"PD31893DD","04.Feb.21","3.78"
"PD31893DD","05.Feb.21","3.77"
"PD31893DD","08.Feb.21","3.77"
"PD31893DD","09.Feb.21","3.76"
"PD31893DD","10.Feb.21","3.73"
"PD31893DD","11.Feb.21","3.75"
"PD31893DD","12.Feb.21","3.77"
"PD31893DD","15.Feb.21","3.79"
"PD31893DD","16.Feb.21","3.87"
"PD31893DD","17.Feb.21","3.89"
"PD31893DD","18.Feb.21","3.99"
"PD31893DD","19.Feb.21","4.11"
"PD31893DD","22.Feb.21","4.21"
"PD31893DD","23.Feb.21","4.15"
"PD31893DD","24.Feb.21","4.15"
"PD31893DD","25.Feb.21","4.29"
"PD31893DD","26.Feb.21","4.23"
"PD31893DD","01.Mar.21","4.27"
"PD31893DD","02.Mar.21","4.42"
"PD31893DD","03.Mar.21","4.57"
"PD31893DD","04.Mar.21","4.75"
"PD31893DD","05.Mar.21","4.76"
"PD31893DD","08.Mar.21","4.9"
"PD31893DD","09.Mar.21","4.79"
"PD31893DD","10.Mar.21","4.7"
"PD31893DD","11.Mar.21","4.56"
"PD31893DD","12.Mar.21","4.7"
"PD31893DD","15.Mar.21","4.68"
"PD31893DD","16.Mar.21","4.7"
"PD31893DD","17.Mar.21","4.68"
"PD31893DD","18.Mar.21","4.66"
"PD31893DD","19.Mar.21","4.6"
"PD31893DD","22.Mar.21","4.54"
"PD31893DD","23.Mar.21","4.62"
"PD31893DD","24.Mar.21","4.68"
"PD31893DD","25.Mar.21","4.71"
"PD31893DD","26.Mar.21","4.73"
"PD31893DD","29.Mar.21","4.8"
"PD31893DD","30.Mar.21","4.99"
"PD31893DD","31.Mar.21","4.97"
"PD31893DD","01.Abr.21","n.d."
"PD31893DD","02.Abr.21","n.d."
"PD31893DD","05.Abr.21","4.91"
"PD31893DD","06.Abr.21","4.79"
"PD31893DD","07.Abr.21","4.78"
"PD31893DD","08.Abr.21","4.74"
"PD31893DD","09.Abr.21","4.81"
"PD31893DD","12.Abr.21","4.8"
"PD31893DD","13.Abr.21","4.78"
"PD31893DD","14.Abr.21","4.88"
"PD31893DD","15.Abr.21","4.87"
"PD31893DD","16.Abr.21","4.89"
"PD31893DD","19.Abr.21","5.02"
"PD31893DD","20.Abr.21","5.06"
"PD31893DD","21.Abr.21","5.16"
"PD31893DD","22.Abr.21","5.36"
"PD31893DD","23.Abr.21","5.42"
"PD31893DD","26.Abr.21","5.65"
"PD31893DD","27.Abr.21","5.61"
"PD31893DD","28.Abr.21","5.47"
"PD31893DD","29.Abr.21","5.4"
"PD31893DD","30.Abr.21","5.4"
"PD31893DD","03.May.21","5.43"
"PD31893DD","04.May.21","5.39"
"PD31893DD","05.May.21","5.31"
"PD31893DD","06.May.21","5.12"
"PD31893DD","07.May.21","5.05"
"PD31893DD","10.May.21","4.88"
"PD31893DD","11.May.21","4.89"
"PD31893DD","12.May.21","4.92"
"PD31893DD","13.May.21","4.79"
"PD31893DD","14.May.21","4.8"
"PD31893DD","17.May.21","4.89"
"PD31893DD","18.May.21","4.95"
"PD31893DD","19.May.21","4.99"
"PD31893DD","20.May.21","4.97"
"PD31893DD","21.May.21","4.85"
"PD31893DD","24.May.21","4.98"
"PD31893DD","25.May.21","4.98"
"PD31893DD","26.May.21","5.08"
"PD31893DD","27.May.21","4.93"
"PD31893DD","28.May.21","4.82"
"PD31893DD","31.May.21","4.77"
"PD31893DD","01.Jun.21","4.85"
"PD31893DD","02.Jun.21","4.89"
"PD31893DD","03.Jun.21","4.84"
"PD31893DD","04.Jun.21","4.68"
"PD31893DD","07.Jun.21","5"
"PD31893DD","08.Jun.21","4.92"
"PD31893DD","09.Jun.21","5.15"
"PD31893DD","10.Jun.21","5.08"
"PD31893DD","11.Jun.21","5.15"
"PD31893DD","14.Jun.21","5.3"
"PD31893DD","15.Jun.21","5.4"
"PD31893DD","16.Jun.21","5.41"
"PD31893DD","17.Jun.21","5.423"
"PD31893DD","18.Jun.21","5.55"
"PD31893DD","21.Jun.21","5.765"
"PD31893DD","22.Jun.21","5.68"
"PD31893DD","23.Jun.21","5.72"
"PD31893DD","24.Jun.21","5.64"
"PD31893DD","25.Jun.21","5.57"
"PD31893DD","28.Jun.21","5.35"
"PD31893DD","29.Jun.21","n.d."
"PD31893DD","30.Jun.21","5.37"
"PD31893DD","01.Jul.21","5.41"
"PD31893DD","02.Jul.21","5.5"
"PD31893DD","05.Jul.21","5.614"
"PD31893DD","06.Jul.21","5.62"
"PD31893DD","07.Jul.21","5.8"
"PD31893DD","08.Jul.21","5.75"
"PD31893DD","09.Jul.21","5.85"
"PD31893DD","12.Jul.21","n.d."
"PD31893DD","13.Jul.21","5.85"
"PD31893DD","14.Jul.21","5.75"
"PD31893DD","15.Jul.21","5.67"
"PD31893DD","16.Jul.21","5.56"
"PD31893DD","19.Jul.21","5.65"
"PD31893DD","20.Jul.21","5.62"
"PD31893DD","21.Jul.21","5.55"
"PD31893DD","22.Jul.21","5.41"
"PD31893DD","23.Jul.21","5.46"
"PD31893DD","26.Jul.21","5.38"
"PD31893DD","27.Jul.21","5.47"
"PD31893DD","28.Jul.21","n.d."
"PD31893DD","29.Jul.21","n.d."
"PD31893DD","30.Jul.21","6.45"
"PD31893DD","02.Ago.21","6.05"
"PD31893DD","03.Ago.21","5.87"
"PD31893DD","04.Ago.21","6.04"
"PD31893DD","05.Ago.21","6.09"
"PD31893DD","06.Ago.21","6.34"
"PD31893DD","09.Ago.21","6.45"
"PD31893DD","10.Ago.21","6.36"
"PD31893DD","11.Ago.21","6.4"
"PD31893DD","12.Ago.21","6.5"
"PD31893DD","13.Ago.21","6.38"
"PD31893DD","16.Ago.21","6.45"
"PD31893DD","17.Ago.21","6.49"
"PD31893DD","18.Ago.21","6.48"
"PD31893DD","19.Ago.21","6.66"
"PD31893DD","20.Ago.21","6.8"
"PD31893DD","23.Ago.21","6.69"
"PD31893DD","24.Ago.21","6.44"
"PD31893DD","25.Ago.21","6.49"
"PD31893DD","26.Ago.21","6.3"
"PD31893DD","27.Ago.21","6.09"
"PD31893DD","30.Ago.21","n.d."
"PD31893DD","31.Ago.21","6.09"
"PD31893DD","01.Set.21","6.15"
"PD31893DD","02.Set.21","6.26"
"PD31893DD","03.Set.21","6.25"
"PD31893DD","06.Set.21","6.25"
"PD31893DD","07.Set.21","6.3"
"PD31893DD","08.Set.21","6.4"
"PD31893DD","09.Set.21","6.4"
"PD31893DD","10.Set.21","6.46"
"PD31893DD","13.Set.21","6.43"
"PD31893DD","14.Set.21","6.37"
"PD31893DD","15.Set.21","6.43"
"PD31893DD","16.Set.21","6.4"
"PD31893DD","17.Set.21","6.36"
"PD31893DD","20.Set.21","6.3"
"PD31893DD","21.Set.21","6.27"
"PD31893DD","22.Set.21","6.27"
"PD31893DD","23.Set.21","6.27"
"PD31893DD","24.Set.21","6.3"
"PD31893DD","27.Set.21","6.38"
"PD31893DD","28.Set.21","6.41"
"PD31893DD","29.Set.21","6.43"
"PD31893DD","30.Set.21","6.44"
"PD31893DD","01.Oct.21","6.37"
"PD31893DD","04.Oct.21","6.33"
"PD31893DD","05.Oct.21","6.18"
"PD31893DD","06.Oct.21","6.14"
"PD31893DD","07.Oct.21","5.92"
"PD31893DD","08.Oct.21","n.d."
"PD31893DD","11.Oct.21","5.95"
"PD31893DD","12.Oct.21","5.76"
"PD31893DD","13.Oct.21","5.78"
"PD31893DD","14.Oct.21","5.71"
"PD31893DD","15.Oct.21","5.83"
"PD31893DD","18.Oct.21","5.95"
"PD31893DD","19.Oct.21","5.9"
"PD31893DD","20.Oct.21","5.92"
"PD31893DD","21.Oct.21","5.94"
"PD31893DD","22.Oct.21","5.88"
"PD31893DD","25.Oct.21","5.88"
"PD31893DD","26.Oct.21","5.95"
"PD31893DD","27.Oct.21","5.95"
"PD31893DD","28.Oct.21","5.83"
"PD31893DD","29.Oct.21","5.82"
"PD31893DD","01.Nov.21","n.d."
"PD31893DD","02.Nov.21","5.82"
"PD31893DD","03.Nov.21","5.9"
"PD31893DD","04.Nov.21","5.84"
"PD31893DD","05.Nov.21","5.73"
"PD31893DD","08.Nov.21","5.74"
"PD31893DD","09.Nov.21","5.8"
"PD31893DD","10.Nov.21","5.87"
"PD31893DD","11.Nov.21","5.85"
"PD31893DD","12.Nov.21","5.85"
"PD31893DD","15.Nov.21","5.8"
"PD31893DD","16.Nov.21","5.87"
"PD31893DD","17.Nov.21","5.83"
"PD31893DD","18.Nov.21","5.87"
"PD31893DD","19.Nov.21","5.86"
"PD31893DD","22.Nov.21","5.9"
"PD31893DD","23.Nov.21","5.97"
"PD31893DD","24.Nov.21","5.97"
"PD31893DD","25.Nov.21","5.96"
"PD31893DD","26.Nov.21","5.88"
"PD31893DD","29.Nov.21","5.92"
"PD31893DD","30.Nov.21","5.95"
"PD31893DD","01.Dic.21","5.98"
"PD31893DD","02.Dic.21","5.98"
"PD31893DD","03.Dic.21","5.98"
"PD31893DD","06.Dic.21","5.96"
"PD31893DD","07.Dic.21","5.91"
"PD31893DD","08.Dic.21","n.d."
"PD31893DD","09.Dic.21","5.93"
"PD31893DD","10.Dic.21","5.89"
"PD31893DD","13.Dic.21","5.88"
"PD31893DD","14.Dic.21","5.89"
"PD31893DD","15.Dic.21","5.91"
"PD31893DD","16.Dic.21","5.9"
"PD31893DD","17.Dic.21","5.92"
"PD31893DD","20.Dic.21","5.95"
"PD31893DD","21.Dic.21","6"
"PD31893DD","22.Dic.21","5.97"
"PD31893DD","23.Dic.21","5.94"
"PD31893DD","24.Dic.21","5.92"
"PD31893DD","27.Dic.21","5.89"
"PD31893DD","28.Dic.21","5.86"
"PD31893DD","29.Dic.21","5.9"
"PD31893DD","30.Dic.21","5.934"
"PD31893DD","31.Dic.21","5.87"
"PD31893DD","03.Ene.22","5.944"
"PD31893DD","04.Ene.22","5.96"
"PD31893DD","05.Ene.22","6"
"PD31893DD","06.Ene.22","6.02"
"PD31893DD","07.Ene.22","6.05"
"PD31893DD","10.Ene.22","6.12"
"PD31893DD","11.Ene.22","6.05"
"PD31893DD","12.Ene.22","6.04"
"PD31893DD","13.Ene.22","6.07"
"PD31893DD","14.Ene.22","6.12"
"PD31893DD","17.Ene.22","6.13"
"PD31893DD","18.Ene.22","6.192"
"PD31893DD","19.Ene.22","6.16"
"PD31893DD","20.Ene.22","6.09"
"PD31893DD","21.Ene.22","6.04"
"PD31893DD","24.Ene.22","6.08"
"PD31893DD","25.Ene.22","6.08"
"PD31893DD","26.Ene.22","6.08"
"PD31893DD","27.Ene.22","6.1"
"PD31893DD","28.Ene.22","6.11"
"PD31893DD","31.Ene.22","6.13"
"PD31893DD","01.Feb.22","6.15"
"PD31893DD","02.Feb.22","6.08"
"PD31893DD","03.Feb.22","6.08"
"PD31893DD","04.Feb.22","6.1"
"PD31893DD","07.Feb.22","6.12"
"PD31893DD","08.Feb.22","6.07"
"PD31893DD","09.Feb.22","6.04"
"PD31893DD","10.Feb.22","6.1"
"PD31893DD","11.Feb.22","6.08"
"PD31893DD","14.Feb.22","6.08"
"PD31893DD","15.Feb.22","6.1"
"PD31893DD","16.Feb.22","6.06"
"PD31893DD","17.Feb.22","6"
"PD31893DD","18.Feb.22","6.03"
"PD31893DD","21.Feb.22","6.05"
"PD31893DD","22.Feb.22","6"
"PD31893DD","23.Feb.22","6"
"PD31893DD","24.Feb.22","6.04"
"PD31893DD","25.Feb.22","6.07"
"PD31893DD","28.Feb.22","6.17"
"PD31893DD","01.Mar.22","6.22"
"PD31893DD","02.Mar.22","6.26"
"PD31893DD","03.Mar.22","6.33"
"PD31893DD","04.Mar.22","6.45"
"PD31893DD","07.Mar.22","6.64"
"PD31893DD","08.Mar.22","6.67"
"PD31893DD","09.Mar.22","6.65"
"PD31893DD","10.Mar.22","6.72"
"PD31893DD","11.Mar.22","6.65"
"PD31893DD","14.Mar.22","6.72"
"PD31893DD","15.Mar.22","6.67"
"PD31893DD","16.Mar.22","6.63"
"PD31893DD","17.Mar.22","6.56"
"PD31893DD","18.Mar.22","6.52"
"PD31893DD","21.Mar.22","6.57"
"PD31893DD","22.Mar.22","6.61"
"PD31893DD","23.Mar.22","6.61"
"PD31893DD","24.Mar.22","6.75"
"PD31893DD","25.Mar.22","6.9"
"PD31893DD","28.Mar.22","6.81"
"PD31893DD","29.Mar.22","6.65"
"PD31893DD","30.Mar.22","6.61"
"PD31893DD","31.Mar.22","6.55"
"PD31893DD","01.Abr.22","6.72"
"PD31893DD","04.Abr.22","6.79"
"PD31893DD","05.Abr.22","6.86"
"PD31893DD","06.Abr.22","6.94"
"PD31893DD","07.Abr.22","6.93"
"PD31893DD","08.Abr.22","6.98"
"PD31893DD","11.Abr.22","7.08"
"PD31893DD","12.Abr.22","7.2"
"PD31893DD","13.Abr.22","7.29"
"PD31893DD","14.Abr.22","n.d."
"PD31893DD","15.Abr.22","n.d."
"PD31893DD","18.Abr.22","7.39"
"PD31893DD","19.Abr.22","7.48"
"PD31893DD","20.Abr.22","7.56"
"PD31893DD","21.Abr.22","7.67"
"PD31893DD","22.Abr.22","7.75"
"PD31893DD","25.Abr.22","8"
"PD31893DD","26.Abr.22","8.06"
"PD31893DD","27.Abr.22","7.8"
"PD31893DD","28.Abr.22","7.72"
"PD31893DD","29.Abr.22","7.87"
"PD31893DD","02.May.22","8"
"PD31893DD","03.May.22","7.94"
"PD31893DD","04.May.22","7.94"
"PD31893DD","05.May.22","8.16"
"PD31893DD","06.May.22","8.41"
"PD31893DD","09.May.22","8.4"
"PD31893DD","10.May.22","8.24"
"PD31893DD","11.May.22","8.16"
"PD31893DD","12.May.22","8.06"
"PD31893DD","13.May.22","8"
"PD31893DD","16.May.22","7.91"
"PD31893DD","17.May.22","7.99"
"PD31893DD","18.May.22","8"
"PD31893DD","19.May.22","7.93"
"PD31893DD","20.May.22","7.88"
"PD31893DD","23.May.22","7.86"
"PD31893DD","24.May.22","7.73"
"PD31893DD","25.May.22","7.58"
"PD31893DD","26.May.22","7.5"
"PD31893DD","27.May.22","7.48"
"PD31893DD","30.May.22","7.51"
"PD31893DD","31.May.22","7.64"
"PD31893DD","01.Jun.22","7.63"
"PD31893DD","02.Jun.22","7.7"
"PD31893DD","03.Jun.22","7.73"
"PD31893DD","06.Jun.22","7.85"
"PD31893DD","07.Jun.22","7.77"
"PD31893DD","08.Jun.22","7.83"
"PD31893DD","09.Jun.22","7.85"
"PD31893DD","10.Jun.22","7.92"
"PD31893DD","13.Jun.22","8.08"
"PD31893DD","14.Jun.22","8.12"
"PD31893DD","15.Jun.22","8.05"
"PD31893DD","16.Jun.22","7.92"
"PD31893DD","17.Jun.22","7.88"
"PD31893DD","20.Jun.22","7.8"
"PD31893DD","21.Jun.22","7.85"
"PD31893DD","22.Jun.22","7.88"
"PD31893DD","23.Jun.22","7.78"
"PD31893DD","24.Jun.22","7.83"
"PD31893DD","27.Jun.22","7.85"
"PD31893DD","28.Jun.22","7.84"
"PD31893DD","29.Jun.22","n.d."
"PD31893DD","30.Jun.22","7.858"
"PD31893DD","01.Jul.22","7.82"
"PD31893DD","04.Jul.22","7.83"
"PD31893DD","05.Jul.22","7.8"
"PD31893DD","06.Jul.22","7.7"
"PD31893DD","07.Jul.22","7.92"
"PD31893DD","08.Jul.22","8.1"
"PD31893DD","11.Jul.22","8.18"
"PD31893DD","12.Jul.22","8.42"
"PD31893DD","13.Jul.22","8.39"
"PD31893DD","14.Jul.22","8.45"
"PD31893DD","15.Jul.22","8.44"
"PD31893DD","18.Jul.22","8.49"
"PD31893DD","19.Jul.22","8.57"
"PD31893DD","20.Jul.22","8.55"
"PD31893DD","21.Jul.22","8.49"
"PD31893DD","22.Jul.22","8.34"
"PD31893DD","25.Jul.22","8.19"
"PD31893DD","26.Jul.22","8.19"
"PD31893DD","27.Jul.22","8.24"
"PD31893DD","28.Jul.22","n.d."
"PD31893DD","29.Jul.22","n.d."
"PD31893DD","01.Ago.22","8"
"PD31893DD","02.Ago.22","8"
"PD31893DD","03.Ago.22","8.01"
"PD31893DD","04.Ago.22","7.89"
"PD31893DD","05.Ago.22","7.98"
"PD31893DD","08.Ago.22","7.9"
"PD31893DD","09.Ago.22","7.91"
"PD31893DD","10.Ago.22","7.83"
"PD31893DD","11.Ago.22","7.86"
"PD31893DD","12.Ago.22","7.82"
"PD31893DD","15.Ago.22","7.74"
"PD31893DD","16.Ago.22","7.75"
"PD31893DD","17.Ago.22","7.8"
"PD31893DD","18.Ago.22","7.79"
"PD31893DD","19.Ago.22","7.87"
"PD31893DD","22.Ago.22","7.98"
"PD31893DD","23.Ago.22","7.98"
"PD31893DD","24.Ago.22","8.01"
"PD31893DD","25.Ago.22","7.94"
"PD31893DD","26.Ago.22","7.96"
"PD31893DD","29.Ago.22","7.99"
"PD31893DD","30.Ago.22","n.d."
"PD31893DD","31.Ago.22","7.982"
"PD31893DD","01.Set.22","8.16"
"PD31893DD","02.Set.22","8.13"
"PD31893DD","05.Set.22","8.16"
"PD31893DD","06.Set.22","8.28"
"PD31893DD","07.Set.22","8.27"
"PD31893DD","08.Set.22","8.26"
"PD31893DD","09.Set.22","8.15"
"PD31893DD","12.Set.22","8.08"
"PD31893DD","13.Set.22","8.12"
"PD31893DD","14.Set.22","8.17"
"PD31893DD","15.Set.22","8.19"
"PD31893DD","16.Set.22","8.19"
"PD31893DD","19.Set.22","8.19"
"PD31893DD","20.Set.22","8.28"
"PD31893DD","21.Set.22","8.24"
"PD31893DD","22.Set.22","8.28"
"PD31893DD","23.Set.22","8.35"
"PD31893DD","26.Set.22","8.48"
"PD31893DD","27.Set.22","8.55"
"PD31893DD","28.Set.22","8.64"
"PD31893DD","29.Set.22","8.76"
"PD31893DD","30.Set.22","8.8"
"PD31893DD","03.Oct.22","8.7"
"PD31893DD","04.Oct.22","8.68"
"PD31893DD","05.Oct.22","n.d."
"PD31893DD","06.Oct.22","8.68"
"PD31893DD","07.Oct.22","8.62"
"PD31893DD","10.Oct.22","8.66"
"PD31893DD","11.Oct.22","8.7"
"PD31893DD","12.Oct.22","8.77"
"PD31893DD","13.Oct.22","8.76"
"PD31893DD","14.Oct.22","8.77"
"PD31893DD","17.Oct.22","8.69"
"PD31893DD","18.Oct.22","8.61"
"PD31893DD","19.Oct.22","8.65"
"PD31893DD","20.Oct.22","8.67"
"PD31893DD","21.Oct.22","8.64"
"PD31893DD","24.Oct.22","8.68"
"PD31893DD","25.Oct.22","8.62"
"PD31893DD","26.Oct.22","8.55"
"PD31893DD","27.Oct.22","8.49"
"PD31893DD","28.Oct.22","8.51"
"PD31893DD","31.Oct.22","8.41"
"PD31893DD","01.Nov.22","n.d."
"PD31893DD","02.Nov.22","8.23"
"PD31893DD","03.Nov.22","8.24"
"PD31893DD","04.Nov.22","8.13"
"PD31893DD","07.Nov.22","7.94"
"PD31893DD","08.Nov.22","7.74"
"PD31893DD","09.Nov.22","7.71"
"PD31893DD","10.Nov.22","7.53"
"PD31893DD","11.Nov.22","7.62"
"PD31893DD","14.Nov.22","7.73"
"PD31893DD","15.Nov.22","7.87"
"PD31893DD","16.Nov.22","7.94"
"PD31893DD","17.Nov.22","8"
"PD31893DD","18.Nov.22","8.03"
"PD31893DD","21.Nov.22","7.95"
"PD31893DD","22.Nov.22","7.88"
"PD31893DD","23.Nov.22","7.89"
"PD31893DD","24.Nov.22","7.8"
"PD31893DD","25.Nov.22","7.8"
"PD31893DD","28.Nov.22","7.77"
"PD31893DD","29.Nov.22","7.73"
"PD31893DD","30.Nov.22","7.63"
"PD31893DD","01.Dic.22","7.6"
"PD31893DD","02.Dic.22","7.64"
"PD31893DD","05.Dic.22","7.66"
"PD31893DD","06.Dic.22","7.6"
"PD31893DD","07.Dic.22","7.8"
"PD31893DD","08.Dic.22","n.d."
"PD31893DD","09.Dic.22","n.d."
"PD31893DD","12.Dic.22","n.d."
"PD31893DD","13.Dic.22","7.72"
"PD31893DD","14.Dic.22","7.79"
"PD31893DD","15.Dic.22","7.82"
"PD31893DD","16.Dic.22","7.96"
"PD31893DD","19.Dic.22","8.07"
"PD31893DD","20.Dic.22","8.06"
"PD31893DD","21.Dic.22","8"
"PD31893DD","22.Dic.22","7.97"
"PD31893DD","23.Dic.22","7.97"
"PD31893DD","26.Dic.22","7.94"
"PD31893DD","27.Dic.22","7.93"
"PD31893DD","28.Dic.22","7.97"
"PD31893DD","29.Dic.22","7.98"
"PD31893DD","30.Dic.22","7.98"
"PD31893DD","02.Ene.23","n.d."
"PD31893DD","03.Ene.23","8.01"
"PD31893DD","04.Ene.23","8"
"PD31893DD","05.Ene.23","7.99"
"PD31893DD","06.Ene.23","7.91"
"PD31893DD","09.Ene.23","7.67"
"PD31893DD","10.Ene.23","7.78"
"PD31893DD","11.Ene.23","7.78"
"PD31893DD","12.Ene.23","7.77"
"PD31893DD","13.Ene.23","7.94"
"PD31893DD","16.Ene.23","8.05"
"PD31893DD","17.Ene.23","8.04"
"PD31893DD","18.Ene.23","8"
"PD31893DD","19.Ene.23","8.03"
"PD31893DD","20.Ene.23","7.98"
"PD31893DD","23.Ene.23","7.96"
"PD31893DD","24.Ene.23","8.09"
"PD31893DD","25.Ene.23","n.d."
"PD31893DD","26.Ene.23","n.d."
"PD31893DD","27.Ene.23","n.d."
"PD31893DD","30.Ene.23","8.05"
"PD31893DD","31.Ene.23","8.09"
"PD31893DD","01.Feb.23","7.95"
"PD31893DD","02.Feb.23","7.8"
"PD31893DD","03.Feb.23","7.8"
"PD31893DD","06.Feb.23","7.84"
"PD31893DD","07.Feb.23","7.84"
"PD31893DD","08.Feb.23","7.88"
"PD31893DD","09.Feb.23","7.87"
"PD31893DD","10.Feb.23","7.766"
"PD31893DD","13.Feb.23","n.d."
"PD31893DD","14.Feb.23","n.d."
"PD31893DD","15.Feb.23","7.88"
"PD31893DD","16.Feb.23","7.94"
"PD31893DD","17.Feb.23","7.86"
"PD31893DD","20.Feb.23","n.d."
"PD31893DD","21.Feb.23","7.88"
"PD31893DD","22.Feb.23","7.83"
"PD31893DD","23.Feb.23","7.86"
"PD31893DD","24.Feb.23","8.07"
"PD31893DD","27.Feb.23","7.99"
"PD31893DD","28.Feb.23","8"
"PD31893DD","01.Mar.23","7.96"
"PD31893DD","02.Mar.23","8.07"
"PD31893DD","03.Mar.23","8.07"
"PD31893DD","06.Mar.23","8.07"
"PD31893DD","07.Mar.23","8.05"
"PD31893DD","08.Mar.23","8.054"
"PD31893DD","09.Mar.23","8"
"PD31893DD","10.Mar.23","7.87"
"PD31893DD","13.Mar.23","7.77"
"PD31893DD","14.Mar.23","7.78"
"PD31893DD","15.Mar.23","7.62"
"PD31893DD","16.Mar.23","7.7"
"PD31893DD","17.Mar.23","7.57"
"PD31893DD","20.Mar.23","7.55"
"PD31893DD","21.Mar.23","7.57"
"PD31893DD","22.Mar.23","7.55"
"PD31893DD","23.Mar.23","7.42"
"PD31893DD","24.Mar.23","7.42"
"PD31893DD","27.Mar.23","7.47"
"PD31893DD","28.Mar.23","7.47"
"PD31893DD","29.Mar.23","7.48"
"PD31893DD","30.Mar.23","7.46"
"PD31893DD","31.Mar.23","7.51"
"PD31893DD","03.Abr.23","7.53"
"PD31893DD","04.Abr.23","7.48"
"PD31893DD","05.Abr.23","7.45"
"PD31893DD","06.Abr.23","n.d."
"PD31893DD","07.Abr.23","n.d."
"PD31893DD","10.Abr.23","7.5"
"PD31893DD","11.Abr.23","7.51"
"PD31893DD","12.Abr.23","7.48"
"PD31893DD","13.Abr.23","7.48"
"PD31893DD","14.Abr.23","7.52"
"PD31893DD","17.Abr.23","7.57"
"PD31893DD","18.Abr.23","n.d."
"PD31893DD","19.Abr.23","n.d."
"PD31893DD","20.Abr.23","n.d."
"PD31893DD","21.Abr.23","n.d."
"PD31893DD","24.Abr.23","7.45"
"PD31893DD","25.Abr.23","7.41"
"PD31893DD","26.Abr.23","7.43"
"PD31893DD","27.Abr.23","7.49"
"PD31893DD","28.Abr.23","7.49"
"PD31893DD","01.May.23","n.d."
"PD31893DD","02.May.23","7.51"
"PD31893DD","03.May.23","7.44"
"PD31893DD","04.May.23","7.43"
"PD31893DD","05.May.23","7.33"
"PD31893DD","08.May.23","7.26"
"PD31893DD","09.May.23","7.19"
"PD31893DD","10.May.23","7.14"
"PD31893DD","11.May.23","7.19"
"PD31893DD","12.May.23","7.19"
"PD31893DD","15.May.23","7.11"
"PD31893DD","16.May.23","7.24"
"PD31893DD","17.May.23","7.27"
"PD31893DD","18.May.23","7.31"
"PD31893DD","19.May.23","7.41"
"PD31893DD","22.May.23","7.44"
"PD31893DD","23.May.23","7.35"
"PD31893DD","24.May.23","7.33"
"PD31893DD","25.May.23","7.29"
"PD31893DD","26.May.23","7.21"
"PD31893DD","29.May.23","7.21"
"PD31893DD","30.May.23","7.15"
"PD31893DD","31.May.23","7.05"
"PD31893DD","01.Jun.23","7.23"
"PD31893DD","02.Jun.23","7.27"
"PD31893DD","05.Jun.23","7.29"
"PD31893DD","06.Jun.23","7.29"
"PD31893DD","07.Jun.23","7.31"
"PD31893DD","08.Jun.23","7.22"
"PD31893DD","09.Jun.23","7.16"
"PD31893DD","12.Jun.23","7.13"
"PD31893DD","13.Jun.23","7.13"
"PD31893DD","14.Jun.23","7.09"
"PD31893DD","15.Jun.23","7.08"
"PD31893DD","16.Jun.23","7.02"
"PD31893DD","19.Jun.23","6.95"
"PD31893DD","20.Jun.23","6.93"
"PD31893DD","21.Jun.23","6.92"
"PD31893DD","22.Jun.23","6.96"
"PD31893DD","23.Jun.23","6.95"
"PD31893DD","26.Jun.23","6.95"
"PD31893DD","27.Jun.23","6.94"
"PD31893DD","28.Jun.23","6.88"
"PD31893DD","29.Jun.23","n.d."
"PD31893DD","30.Jun.23","6.85"
"PD31893DD","03.Jul.23","6.66"
"PD31893DD","04.Jul.23","6.6"
"PD31893DD","05.Jul.23","6.66"
"PD31893DD","06.Jul.23","6.79"
"PD31893DD","07.Jul.23","6.78"
"PD31893DD","10.Jul.23","6.8"
"PD31893DD","11.Jul.23","n.d."
"PD31893DD","12.Jul.23","n.d."
"PD31893DD","13.Jul.23","6.67"
"PD31893DD","14.Jul.23","6.73"
"PD31893DD","17.Jul.23","6.78"
"PD31893DD","18.Jul.23","6.79"
"PD31893DD","19.Jul.23","6.76"
"PD31893DD","20.Jul.23","6.79"
"PD31893DD","21.Jul.23","6.83"
"PD31893DD","24.Jul.23","6.83"
"PD31893DD","25.Jul.23","6.78"
"PD31893DD","26.Jul.23","6.76"
"PD31893DD","27.Jul.23","6.81"
"PD31893DD","28.Jul.23","n.d."
"PD31893DD","31.Jul.23","6.72"
"PD31893DD","01.Ago.23","6.74"
"PD31893DD","02.Ago.23","6.82"
"PD31893DD","03.Ago.23","6.94"
"PD31893DD","04.Ago.23","6.89"
"PD31893DD","07.Ago.23","6.88"
"PD31893DD","08.Ago.23","6.81"
"PD31893DD","09.Ago.23","6.76"
"PD31893DD","10.Ago.23","6.68"
"PD31893DD","11.Ago.23","6.68"
"PD31893DD","14.Ago.23","6.74"
"PD31893DD","15.Ago.23","6.77"
"PD31893DD","16.Ago.23","6.8"
"PD31893DD","17.Ago.23","6.9"
"PD31893DD","18.Ago.23","6.98"
"PD31893DD","21.Ago.23","7.08"
"PD31893DD","22.Ago.23","7.07"
"PD31893DD","23.Ago.23","6.96"
"PD31893DD","24.Ago.23","6.91"
"PD31893DD","25.Ago.23","6.9"
"PD31893DD","28.Ago.23","6.84"
"PD31893DD","29.Ago.23","6.74"
"PD31893DD","30.Ago.23","n.d."
"PD31893DD","31.Ago.23","6.68"
"PD31893DD","01.Set.23","6.79"
"PD31893DD","04.Set.23","6.87"
"PD31893DD","05.Set.23","6.88"
"PD31893DD","06.Set.23","6.98"
"PD31893DD","07.Set.23","6.93"
"PD31893DD","08.Set.23","6.85"
"PD31893DD","11.Set.23","6.83"
"PD31893DD","12.Set.23","6.83"
"PD31893DD","13.Set.23","6.83"
"PD31893DD","14.Set.23","6.81"
"PD31893DD","15.Set.23","6.75"
"PD31893DD","18.Set.23","6.79"
"PD31893DD","19.Set.23","6.91"
"PD31893DD","20.Set.23","6.88"
"PD31893DD","21.Set.23","7.02"
"PD31893DD","22.Set.23","6.97"
"PD31893DD","25.Set.23","7.15"
"PD31893DD","26.Set.23","7.22"
"PD31893DD","27.Set.23","7.45"
"PD31893DD","28.Set.23","7.37"
"PD31893DD","29.Set.23","7.23"
"PD31893DD","02.Oct.23","7.34"
"PD31893DD","03.Oct.23","7.48"
"PD31893DD","04.Oct.23","7.5"
"PD31893DD","05.Oct.23","7.57"
"PD31893DD","06.Oct.23","7.56"
"PD31893DD","09.Oct.23","7.52"
"PD31893DD","10.Oct.23","7.48"
"PD31893DD","11.Oct.23","7.53"
"PD31893DD","12.Oct.23","7.65"
"PD31893DD","13.Oct.23","7.68"
"PD31893DD","16.Oct.23","7.72"
"PD31893DD","17.Oct.23","7.69"
"PD31893DD","18.Oct.23","7.72"
"PD31893DD","19.Oct.23","7.75"
"PD31893DD","20.Oct.23","7.76"
"PD31893DD","23.Oct.23","7.73"
"PD31893DD","24.Oct.23","7.66"
"PD31893DD","25.Oct.23","7.71"
"PD31893DD","26.Oct.23","7.68"
"PD31893DD","27.Oct.23","7.69"
"PD31893DD","30.Oct.23","7.66"
"PD31893DD","31.Oct.23","7.66"
"PD31893DD","01.Nov.23","n.d."
"PD31893DD","02.Nov.23","7.32"
"PD31893DD","03.Nov.23","7.29"
"PD31893DD","06.Nov.23","7.25"
"PD31893DD","07.Nov.23","7.23"
"PD31893DD","08.Nov.23","7.14"
"PD31893DD","09.Nov.23","7.16"
"PD31893DD","10.Nov.23","7.18"
"PD31893DD","13.Nov.23","7.2"
"PD31893DD","14.Nov.23","7.08"
"PD31893DD","15.Nov.23","7.13"
"PD31893DD","16.Nov.23","7.11"
"PD31893DD","17.Nov.23","7.12"
"PD31893DD","20.Nov.23","7.08"
"PD31893DD","21.Nov.23","7.06"
"PD31893DD","22.Nov.23","7.09"
"PD31893DD","23.Nov.23","7.15"
"PD31893DD","24.Nov.23","7.18"
"PD31893DD","27.Nov.23","7.22"
"PD31893DD","28.Nov.23","7.24"
"PD31893DD","29.Nov.23","7.18"
"PD31893DD","30.Nov.23","7.2"
"PD31893DD","01.Dic.23","7.1"
"PD31893DD","04.Dic.23","7.1"
"PD31893DD","05.Dic.23","7.04"
"PD31893DD","06.Dic.23","6.88"
"PD31893DD","07.Dic.23","6.92"
"PD31893DD","08.Dic.23","n.d."
"PD31893DD","11.Dic.23","7.061"
"PD31893DD","12.Dic.23","7.08"
"PD31893DD","13.Dic.23","6.97"
"PD31893DD","14.Dic.23","6.75"
"PD31893DD","15.Dic.23","6.77"
"PD31893DD","18.Dic.23","6.8"
"PD31893DD","19.Dic.23","6.82"
"PD31893DD","20.Dic.23","6.79"
"PD31893DD","21.Dic.23","6.8"
"PD31893DD","22.Dic.23","6.8"
"PD31893DD","25.Dic.23","n.d."
"PD31893DD","26.Dic.23","6.79"
"PD31893DD","27.Dic.23","6.68"
"PD31893DD","28.Dic.23","6.66"
"PD31893DD","29.Dic.23","6.69"
"PD31893DD","01.Ene.24","n.d."
"PD31893DD","02.Ene.24","n.d."
"PD31893DD","03.Ene.24","6.78"
"PD31893DD","04.Ene.24","6.84"
"PD31893DD","05.Ene.24","6.85"
"PD31893DD","08.Ene.24","6.82"
"PD31893DD","09.Ene.24","6.79"
"PD31893DD","10.Ene.24","6.72"
"PD31893DD","11.Ene.24","6.63"
"PD31893DD","12.Ene.24","6.55"
"PD31893DD","15.Ene.24","6.56"
"PD31893DD","16.Ene.24","6.59"
"PD31893DD","17.Ene.24","6.67"
"PD31893DD","18.Ene.24","6.69"
"PD31893DD","19.Ene.24","6.66"
"PD31893DD","22.Ene.24","6.61"
"PD31893DD","23.Ene.24","6.63"
"PD31893DD","24.Ene.24","6.65"
"PD31893DD","25.Ene.24","6.64"
"PD31893DD","26.Ene.24","6.68"
"PD31893DD","29.Ene.24","6.66"
"PD31893DD","30.Ene.24","6.65"
"PD31893DD","31.Ene.24","6.6"
"PD31893DD","01.Feb.24","6.53"
"PD31893DD","02.Feb.24","6.7"
"PD31893DD","05.Feb.24","6.93"
"PD31893DD","06.Feb.24","6.74"
"PD31893DD","07.Feb.24","6.7"
"PD31893DD","08.Feb.24","6.73"
"PD31893DD","09.Feb.24","6.71"
"PD31893DD","12.Feb.24","6.71"
"PD31893DD","13.Feb.24","6.77"
"PD31893DD","14.Feb.24","6.74"
"PD31893DD","15.Feb.24","6.7"
"PD31893DD","16.Feb.24","6.7"
"PD31893DD","19.Feb.24","6.7"
"PD31893DD","20.Feb.24","6.71"
"PD31893DD","21.Feb.24","6.74"
"PD31893DD","22.Feb.24","6.76"
"PD31893DD","23.Feb.24","6.81"
"PD31893DD","26.Feb.24","6.89"
"PD31893DD","27.Feb.24","6.86"
"PD31893DD","28.Feb.24","6.84"
"PD31893DD","29.Feb.24","6.86"
"PD31893DD","01.Mar.24","6.83"
"PD31893DD","04.Mar.24","6.88"
"PD31893DD","05.Mar.24","6.9"
"PD31893DD","06.Mar.24","6.95"
"PD31893DD","07.Mar.24","6.94"
"PD31893DD","08.Mar.24","6.97"
"PD31893DD","11.Mar.24","7.02"
"PD31893DD","12.Mar.24","7.04"
"PD31893DD","13.Mar.24","6.99"
"PD31893DD","14.Mar.24","7.02"
"PD31893DD","15.Mar.24","6.96"
"PD31893DD","18.Mar.24","6.99"
"PD31893DD","19.Mar.24","6.98"
"PD31893DD","20.Mar.24","7.02"
"PD31893DD","21.Mar.24","7"
"PD31893DD","22.Mar.24","6.94"
"PD31893DD","25.Mar.24","7.01"
"PD31893DD","26.Mar.24","7.33"
"PD31893DD","27.Mar.24","7.34"
"PD31893DD","28.Mar.24","n.d."
"PD31893DD","29.Mar.24","n.d."
"PD31893DD","01.Abr.24","7.54"
"PD31893DD","02.Abr.24","7.49"
"PD31893DD","03.Abr.24","7.2"
"PD31893DD","04.Abr.24","7.16"
"PD31893DD","05.Abr.24","7.22"
"PD31893DD","08.Abr.24","7.25"
"PD31893DD","09.Abr.24","7.28"
"PD31893DD","10.Abr.24","7.38"
"PD31893DD","11.Abr.24","7.45"
"PD31893DD","12.Abr.24","7.35"
"PD31893DD","15.Abr.24","7.46"
"PD31893DD","16.Abr.24","7.6"
"PD31893DD","17.Abr.24","7.58"
"PD31893DD","18.Abr.24","7.59"
"PD31893DD","19.Abr.24","7.5"
"PD31893DD","22.Abr.24","7.34"
"PD31893DD","23.Abr.24","7.3"
"PD31893DD","24.Abr.24","7.34"
"PD31893DD","25.Abr.24","7.36"
"PD31893DD","26.Abr.24","7.37"
"PD31893DD","29.Abr.24","7.355"
"PD31893DD","30.Abr.24","7.29"
"PD31893DD","01.May.24","n.d."
"PD31893DD","02.May.24","7.22"
"PD31893DD","03.May.24","7.1"
"PD31893DD","06.May.24","7.1"
"PD31893DD","07.May.24","7.05"
"PD31893DD","08.May.24","7.13"
"PD31893DD","09.May.24","7.13"
"PD31893DD","10.May.24","7.12"
"PD31893DD","13.May.24","7.09"
"PD31893DD","14.May.24","7.113"
"PD31893DD","15.May.24","7.06"
"PD31893DD","16.May.24","7.06"
"PD31893DD","17.May.24","7.06"
"PD31893DD","20.May.24","7.066"
"PD31893DD","21.May.24","7.05"
"PD31893DD","22.May.24","7.09"
"PD31893DD","23.May.24","7.12"
"PD31893DD","24.May.24","7.09"
"PD31893DD","27.May.24","7.04"
"PD31893DD","28.May.24","7.11"
"PD31893DD","29.May.24","7.11"
"PD31893DD","30.May.24","7.13"
"PD31893DD","31.May.24","7.06"
"PD31893DD","03.Jun.24","7"
"PD31893DD","04.Jun.24","7"
"PD31893DD","05.Jun.24","7.01"
"PD31893DD","06.Jun.24","6.99"
"PD31893DD","07.Jun.24","n.d."
"PD31893DD","10.Jun.24","7.06"
"PD31893DD","11.Jun.24","7.06"
"PD31893DD","12.Jun.24","7.04"
"PD31893DD","13.Jun.24","7.04"
"PD31893DD","14.Jun.24","7.06"
"PD31893DD","17.Jun.24","7.09"
"PD31893DD","18.Jun.24","7.17"
"PD31893DD","19.Jun.24","7.19"
"PD31893DD","20.Jun.24","7.18"
"PD31893DD","21.Jun.24","7.17"
"PD31893DD","24.Jun.24","7.16"
"PD31893DD","25.Jun.24","7.15"
"PD31893DD","26.Jun.24","7.16"
"PD31893DD","27.Jun.24","7.09"
"PD31893DD","28.Jun.24","7.06"
"PD31893DD","01.Jul.24","7.1"
"PD31893DD","02.Jul.24","7.11"
"PD31893DD","03.Jul.24","7.07"
"PD31893DD","04.Jul.24","7.06"
"PD31893DD","05.Jul.24","7.03"
"PD31893DD","08.Jul.24","7.04"
"PD31893DD","09.Jul.24","7.05"
"PD31893DD","10.Jul.24","6.98"
"PD31893DD","11.Jul.24","6.9"
"PD31893DD","12.Jul.24","6.86"
"PD31893DD","15.Jul.24","6.89"
"PD31893DD","16.Jul.24","6.89"
"PD31893DD","17.Jul.24","6.88"
"PD31893DD","18.Jul.24","6.91"
"PD31893DD","19.Jul.24","6.96"
"PD31893DD","22.Jul.24","6.95"
"PD31893DD","23.Jul.24","n.d."
"PD31893DD","24.Jul.24","6.98"
"PD31893DD","25.Jul.24","6.96"
"PD31893DD","26.Jul.24","n.d."
"PD31893DD","29.Jul.24","n.d."
"PD31893DD","30.Jul.24","6.93"
"PD31893DD","31.Jul.24","6.9"
"PD31893DD","01.Ago.24","6.79"
"PD31893DD","02.Ago.24","6.69"
"PD31893DD","05.Ago.24","6.73"
"PD31893DD","06.Ago.24","n.d."
"PD31893DD","07.Ago.24","6.7"
"PD31893DD","08.Ago.24","6.62"
"PD31893DD","09.Ago.24","6.55"
"PD31893DD","12.Ago.24","n.d."
"PD31893DD","13.Ago.24","n.d."
"PD31893DD","14.Ago.24","n.d."
"PD31893DD","15.Ago.24","n.d."
"PD31893DD","16.Ago.24","6.55"
"PD31893DD","19.Ago.24","6.53"
"PD31893DD","20.Ago.24","6.53"
"PD31893DD","21.Ago.24","6.55"
"PD31893DD","22.Ago.24","6.59"
"PD31893DD","23.Ago.24","6.53"
"PD31893DD","26.Ago.24","6.54"
"PD31893DD","27.Ago.24","6.56"
"PD31893DD","28.Ago.24","6.55"
"PD31893DD","29.Ago.24","6.54"
"PD31893DD","30.Ago.24","n.d."
"PD31893DD","02.Set.24","6.55"
"PD31893DD","03.Set.24","6.55"
"PD31893DD","04.Set.24","6.53"
"PD31893DD","05.Set.24","6.52"
"PD31893DD","06.Set.24","6.48"
"PD31893DD","09.Set.24","6.43"
"PD31893DD","10.Set.24","6.44"
"PD31893DD","11.Set.24","6.4"
"PD31893DD","12.Set.24","6.42"
"PD31893DD","13.Set.24","6.39"
"PD31893DD","16.Set.24","6.33"
"PD31893DD","17.Set.24","6.29"
"PD31893DD","18.Set.24","6.25"
"PD31893DD","19.Set.24","6.22"
"PD31893DD","20.Set.24","6.229"
"PD31893DD","23.Set.24","6.25"
"PD31893DD","24.Set.24","6.28"
"PD31893DD","25.Set.24","6.29"
"PD31893DD","26.Set.24","6.29"
"PD31893DD","27.Set.24","6.24"
"PD31893DD","30.Set.24","6.22"
"PD31893DD","01.Oct.24","6.22"
"PD31893DD","02.Oct.24","6.28"
"PD31893DD","03.Oct.24","6.39"
"PD31893DD","04.Oct.24","6.43"
"PD31893DD","07.Oct.24","6.5"
"PD31893DD","08.Oct.24","n.d."
"PD31893DD","09.Oct.24","6.53"
"PD31893DD","10.Oct.24","6.51"
"PD31893DD","11.Oct.24","6.43"
"PD31893DD","14.Oct.24","6.41"
"PD31893DD","15.Oct.24","6.36"
"PD31893DD","16.Oct.24","6.37"
"PD31893DD","17.Oct.24","6.43"
"PD31893DD","18.Oct.24","6.44"
"PD31893DD","21.Oct.24","6.59"
"PD31893DD","22.Oct.24","6.64"
"PD31893DD","23.Oct.24","6.67"
"PD31893DD","24.Oct.24","6.61"
"PD31893DD","25.Oct.24","6.63"
"PD31893DD","28.Oct.24","6.6643"
"PD31893DD","29.Oct.24","6.77"
"PD31893DD","30.Oct.24","6.8"
"PD31893DD","31.Oct.24","6.82"
"PD31893DD","01.Nov.24","n.d."
"PD31893DD","04.Nov.24","6.74"
"PD31893DD","05.Nov.24","6.75"
"PD31893DD","06.Nov.24","6.78"
"PD31893DD","07.Nov.24","6.68"
"PD31893DD","08.Nov.24","6.62"
"PD31893DD","11.Nov.24","6.64"
"PD31893DD","12.Nov.24","6.7"
"PD31893DD","13.Nov.24","6.69"
"PD31893DD","14.Nov.24","6.67"
"PD31893DD","15.Nov.24","6.7"
"PD31893DD","18.Nov.24","6.7"
"PD31893DD","19.Nov.24","6.73"
"PD31893DD","20.Nov.24","6.75"
"PD31893DD","21.Nov.24","6.72"
"PD31893DD","22.Nov.24","6.69"
"PD31893DD","25.Nov.24","6.57"
"PD31893DD","26.Nov.24","6.59"
"PD31893DD","27.Nov.24","6.54"
"PD31893DD","28.Nov.24","6.56"
"PD31893DD","29.Nov.24","6.56"
"PD31893DD","02.Dic.24","6.57"
"PD31893DD","03.Dic.24","6.56"
"PD31893DD","04.Dic.24","6.53"
"PD31893DD","05.Dic.24","6.54"
"PD31893DD","06.Dic.24","6.54"
"PD31893DD","09.Dic.24","6.55"
"PD31893DD","10.Dic.24","6.55"
"PD31893DD","11.Dic.24","6.53"
"PD31893DD","12.Dic.24","6.57"
"PD31893DD","13.Dic.24","6.6"
"PD31893DD","16.Dic.24","6.618"
"PD31893DD","17.Dic.24","6.63"
"PD31893DD","18.Dic.24","6.67"
"PD31893DD","19.Dic.24","6.77"
"PD31893DD","20.Dic.24","n.d."
"PD31893DD","23.Dic.24","6.74"
"PD31893DD","24.Dic.24","6.73"
"PD31893DD","25.Dic.24","n.d."
"PD31893DD","26.Dic.24","6.71"
"PD31893DD","27.Dic.24","6.68"
"PD31893DD","30.Dic.24","6.62"
"PD31893DD","31.Dic.24","n.d."
"PD31893DD","01.Ene.25","n.d."
"PD31893DD","02.Ene.25","6.65"
"PD31893DD","03.Ene.25","6.69"
"PD31893DD","06.Ene.25","6.71"
"PD31893DD","07.Ene.25","6.69"
"PD31893DD","08.Ene.25","6.69"
"PD31893DD","09.Ene.25","6.69"
"PD31893DD","10.Ene.25","6.69"
"PD31893DD","13.Ene.25","6.7"
"PD31893DD","14.Ene.25","6.76"
"PD31893DD","15.Ene.25","6.63"
"PD31893DD","16.Ene.25","6.63"
"PD31893DD","17.Ene.25","6.63"
"PD31893DD","20.Ene.25","6.65"
"PD31893DD","21.Ene.25","6.67"
"PD31893DD","22.Ene.25","6.72"
"PD31893DD","23.Ene.25","6.76"
"PD31893DD","24.Ene.25","6.73"
"PD31893DD","27.Ene.25","6.73"
"PD31893DD","28.Ene.25","6.71"
"PD31893DD","29.Ene.25","6.69"
"PD31893DD","30.Ene.25","6.66"
"PD31893DD","31.Ene.25","6.7"
"PD31893DD","03.Feb.25","6.67"
"PD31893DD","04.Feb.25","6.63"
"PD31893DD","05.Feb.25","6.6"
"PD31893DD","06.Feb.25","6.52"
"PD31893DD","07.Feb.25","6.46"
"PD31893DD","10.Feb.25","6.42"
"PD31893DD","11.Feb.25","6.47"
"PD31893DD","12.Feb.25","6.53"
"PD31893DD","13.Feb.25","6.49"
"PD31893DD","14.Feb.25","6.46"
"PD31893DD","17.Feb.25","6.46"
"PD31893DD","18.Feb.25","6.48"
"PD31893DD","19.Feb.25","6.49"
"PD31893DD","20.Feb.25","6.47"
"PD31893DD","21.Feb.25","6.43"
"PD31893DD","24.Feb.25","6.42"
"PD31893DD","25.Feb.25","6.36"
"PD31893DD","26.Feb.25","6.33"
"PD31893DD","27.Feb.25","6.34"
"PD31893DD","28.Feb.25","6.42"
"PD31893DD","03.Mar.25","6.44"
"PD31893DD","04.Mar.25","6.44"
"PD31893DD","05.Mar.25","6.47"
"PD31893DD","06.Mar.25","6.45"
"PD31893DD","07.Mar.25","6.46"
"PD31893DD","10.Mar.25","6.48"
"PD31893DD","11.Mar.25","6.48"
"PD31893DD","12.Mar.25","6.47"
"PD31893DD","13.Mar.25","6.45"
"PD31893DD","14.Mar.25","6.42"
"PD31893DD","17.Mar.25","6.36"
"PD31893DD","18.Mar.25","6.39"
"PD31893DD","19.Mar.25","6.39"
"PD31893DD","20.Mar.25","6.42"
"PD31893DD","21.Mar.25","6.42"
"PD31893DD","24.Mar.25","6.48"
"PD31893DD","25.Mar.25","6.51"
"PD31893DD","26.Mar.25","6.58"
"PD31893DD","27.Mar.25","6.68"
"PD31893DD","28.Mar.25","6.71"
"PD31893DD","31.Mar.25","6.69"
"PD31893DD","01.Abr.25","6.69"
"PD31893DD","02.Abr.25","6.61"
"PD31893DD","03.Abr.25","6.43"
"PD31893DD","04.Abr.25","6.39"
"PD31893DD","07.Abr.25","6.55"
"PD31893DD","08.Abr.25","6.61"
"PD31893DD","09.Abr.25","6.59"
"PD31893DD","10.Abr.25","6.67"
"PD31893DD","11.Abr.25","6.63"
"PD31893DD","14.Abr.25","6.63"
"PD31893DD","15.Abr.25","6.64"
"PD31893DD","16.Abr.25","6.63"
"PD31893DD","17.Abr.25","n.d."
"PD31893DD","18.Abr.25","n.d."
"PD31893DD","21.Abr.25","6.67"
"PD31893DD","22.Abr.25","6.71"
"PD31893DD","23.Abr.25","6.66"
"PD31893DD","24.Abr.25","6.63"
"PD31893DD","25.Abr.25","6.63"
"PD31893DD","28.Abr.25","6.63"
"PD31893DD","29.Abr.25","6.53"
"PD31893DD","30.Abr.25","6.55"
"PD31893DD","01.May.25","n.d."
"PD31893DD","02.May.25","6.57"
"PD31893DD","05.May.25","6.6"
"PD31893DD","06.May.25","6.59"
"PD31893DD","07.May.25","6.53"
"PD31893DD","08.May.25","6.54"
"PD31893DD","09.May.25","6.4"
"PD31893DD","12.May.25","6.39"
"PD31893DD","13.May.25","6.37"
"PD31893DD","14.May.25","6.42"
"PD31893DD","15.May.25","6.37"
"PD31893DD","16.May.25","6.41"
"PD31893DD","19.May.25","6.43"
"PD31893DD","20.May.25","6.48"
"PD31893DD","21.May.25","6.54"
"PD31893DD","22.May.25","6.57"
"PD31893DD","23.May.25","6.58"
"PD31893DD","26.May.25","6.54"
"PD31893DD","27.May.25","6.48"
"PD31893DD","28.May.25","6.46"
"PD31893DD","29.May.25","6.45"
"PD31893DD","30.May.25","6.5"
"PD31893DD","02.Jun.25","6.51"
"PD31893DD","03.Jun.25","6.52"
"PD31893DD","04.Jun.25","6.45"
"PD31893DD","05.Jun.25","6.59"
"PD31893DD","06.Jun.25","6.63"
"PD31893DD","09.Jun.25","6.61"
"PD31893DD","10.Jun.25","6.58"
"PD31893DD","11.Jun.25","6.49"
"PD31893DD","12.Jun.25","6.35"
"PD31893DD","13.Jun.25","6.4"
"PD31893DD","16.Jun.25","6.39"
"PD31893DD","17.Jun.25","6.4"
"PD31893DD","18.Jun.25","6.39"
"PD31893DD","19.Jun.25","6.39"
"PD31893DD","20.Jun.25","6.37"
"PD31893DD","23.Jun.25","6.37"
"PD31893DD","24.Jun.25","6.31"
"PD31893DD","25.Jun.25","6.26"
"PD31893DD","26.Jun.25","6.23"
"PD31893DD","27.Jun.25","6.24"
"PD31893DD","30.Jun.25","6.17"
"PD31893DD","01.Jul.25","6.13"
"PD31893DD","02.Jul.25","6.1"
"PD31893DD","03.Jul.25","6.11"
"PD31893DD","04.Jul.25","6.13"
"PD31893DD","07.Jul.25","6.14"
"PD31893DD","08.Jul.25","6.14"
"PD31893DD","09.Jul.25","6.13"
"PD31893DD","10.Jul.25","6.15"
"PD31893DD","11.Jul.25","6.17"
"PD31893DD","14.Jul.25","6.18"
"PD31893DD","15.Jul.25","6.23"
"PD31893DD","16.Jul.25","6.27"
"PD31893DD","17.Jul.25","6.279"
"PD31893DD","18.Jul.25","6.3"
"PD31893DD","21.Jul.25","6.27"
"PD31893DD","22.Jul.25","6.24"
"PD31893DD","23.Jul.25","n.d."
"PD31893DD","24.Jul.25","6.21"
"PD31893DD","25.Jul.25","6.18"
"PD31893DD","28.Jul.25","n.d."
"PD31893DD","29.Jul.25","n.d."
"PD31893DD","30.Jul.25","6.18"
"PD31893DD","31.Jul.25","6.21"
"PD31893DD","01.Ago.25","6.12"
"PD31893DD","04.Ago.25","6.08"
"PD31893DD","05.Ago.25","6.04"
"PD31893DD","06.Ago.25","5.97"
"PD31893DD","07.Ago.25","5.97"
"PD31893DD","08.Ago.25","5.98"
"PD31893DD","11.Ago.25","5.96"
"PD31893DD","12.Ago.25","5.94"
"PD31893DD","13.Ago.25","5.93"
"PD31893DD","14.Ago.25","5.95"
"PD31893DD","15.Ago.25","5.96"
"PD31893DD","18.Ago.25","6.01"
"PD31893DD","19.Ago.25","6.01"
"PD31893DD","20.Ago.25","6.06"
"PD31893DD","21.Ago.25","6.1"
"PD31893DD","22.Ago.25","6.01"
"PD31893DD","25.Ago.25","6.05"
"PD31893DD","26.Ago.25","6.06"
"PD31893DD","27.Ago.25","6.05"
"PD31893DD","28.Ago.25","6.0392"
"PD31893DD","29.Ago.25","6.02"
"PD31893DD","01.Set.25","6.23"
"PD31893DD","02.Set.25","6.26"
"PD31893DD","03.Set.25","6.21"
"PD31893DD","04.Set.25","6.18"
"PD31893DD","05.Set.25","6.08"
"PD31893DD","08.Set.25","6.07"
"PD31893DD","09.Set.25","6.09"
"PD31893DD","10.Set.25","6.02"
"PD31893DD","11.Set.25","5.99"
"PD31893DD","12.Set.25","6"
"PD31893DD","15.Set.25","6.15"
"PD31893DD","16.Set.25","6.21"
"PD31893DD","17.Set.25","6.15"
"PD31893DD","18.Set.25","6.14"
"PD31893DD","19.Set.25","6.14"
"PD31893DD","22.Set.25","6.14"
"PD31893DD","23.Set.25","6.13"
"PD31893DD","24.Set.25","6.14"
"PD31893DD","25.Set.25","6.15"
"PD31893DD","26.Set.25","6.15"
"PD31893DD","29.Set.25","6.09"
"PD31893DD","30.Set.25","6.05"
"PD31893DD","01.Oct.25","6.05"
"PD31893DD","02.Oct.25","6.05"
"PD31893DD","03.Oct.25","6.09"
"PD31893DD","06.Oct.25","6.15"
"PD31893DD","07.Oct.25","6.12"
"PD31893DD","08.Oct.25","n.d."
"PD31893DD","09.Oct.25","6.18"
"PD31893DD","10.Oct.25","6.23"
"PD31893DD","13.Oct.25","6.23"
"PD31893DD","14.Oct.25","6.21"
"PD31893DD","15.Oct.25","6.17"
"PD31893DD","16.Oct.25","6.14"
"PD31893DD","17.Oct.25","6.12"
"PD31893DD","20.Oct.25","6.08"
"PD31893DD","21.Oct.25","6.07"
"PD31893DD","22.Oct.25","6.1"
"PD31893DD","23.Oct.25","6.09"
"PD31893DD","24.Oct.25","6.04"
"PD31893DD","27.Oct.25","6.0484"
"PD31893DD","28.Oct.25","6.01"
"PD31893DD","29.Oct.25","6.04"
"PD31893DD","30.Oct.25","6.05"
"PD31893DD","31.Oct.25","6.06"
"PD31893DD","03.Nov.25","6.06"
"PD31893DD","04.Nov.25","6.06"
"PD31893DD","05.Nov.25","6.05"
"PD31893DD","06.Nov.25","6.01"
"PD31893DD","07.Nov.25","6.04"
"PD31893DD","10.Nov.25","6.05"
"PD31893DD","11.Nov.25","6.05"
"PD31893DD","12.Nov.25","6.04"
"PD31893DD","13.Nov.25","6.05"
"PD31893DD","14.Nov.25","6.09"
"PD31893DD","17.Nov.25","6.08"
"PD31893DD","18.Nov.25","6.04"
"PD31893DD","19.Nov.25","5.99"
"PD31893DD","20.Nov.25","5.999"
"PD31893DD","21.Nov.25","5.94"
"PD31893DD","24.Nov.25","5.92"
"PD31893DD","25.Nov.25","5.9"
"PD31893DD","26.Nov.25","5.9"
"PD31893DD","27.Nov.25","5.91"
"PD31893DD","28.Nov.25","5.91"
"PD31893DD","01.Dic.25","5.94"
"PD31893DD","02.Dic.25","5.93"
"PD31893DD","03.Dic.25","5.87"
"PD31893DD","04.Dic.25","5.85"
"PD31893DD","05.Dic.25","5.79"
"PD31893DD","08.Dic.25","n.d."
"PD31893DD","09.Dic.25","n.d."
"PD31893DD","10.Dic.25","5.83"
"PD31893DD","11.Dic.25","5.81"
"PD31893DD","12.Dic.25","5.83"
"PD31893DD","15.Dic.25","5.76"
"PD31893DD","16.Dic.25","5.73"
"PD31893DD","17.Dic.25","5.74"
"PD31893DD","18.Dic.25","5.75"
"PD31893DD","19.Dic.25","5.83"
"PD31893DD","22.Dic.25","5.9"
"PD31893DD","23.Dic.25","5.86"
"PD31893DD","24.Dic.25","5.8"
"PD31893DD","25.Dic.25","n.d."
"PD31893DD","26.Dic.25","n.d."
"PD31893DD","29.Dic.25","5.89"
"PD31893DD","30.Dic.25","5.81"
"PD31893DD","31.Dic.25","5.796"
